retail_id,order_value_mean,order_value_sum,order_value_std,order_value_max,carton_count_mean,carton_count_std,line_of_factor_mean,line_of_factor_std,total_duration,avg_interval,last_interval,growth_rate,class
R_002acad30d17,0.16559643093188922,0.6623857237275569,0.08774509835575538,0.2854957865570133,0.33863636363636357,0.14726618017620835,0.6538461538461539,0.18959361603820563,38.0,12.666666666666666,20.0,-0.6744621677854157,1.0
R_011da1723877,0.043139988440621474,0.1725599537624859,0.004318316239287792,0.048219141,0.08068181825,0.007762841484927428,0.13736263738461535,0.03644642622788201,28.0,9.333333333333334,8.0,0.1994624508658235,1.0
R_02594d5e71d2,0.0171030545,0.068412218,0.012569892201675384,0.032618562,0.0306818183181818,0.01832331286510757,0.07142857147252746,0.042560256561187663,46.0,15.333333333333334,23.0,5.509570688938436,1.0
R_04a49dd3a12d,0.0203789046686389,0.0815156186745556,0.006788727929658257,0.0271837658403118,0.042045454499999996,0.015470135038168662,0.07417582425,0.024366547085996712,51.0,17.0,12.0,0.49273459144250764,1.0
R_0551da2ede69,0.005844319,0.023377276,0.0023312845448188717,0.00904811,0.018181818090909074,0.003711348095126032,0.03571428573626373,0.01648351647863246,52.0,17.333333333333332,6.0,-0.5096409481153396,1.0
R_06cda6a00e22,0.0106363610224418,0.0425454440897672,0.0016616363903192144,0.0128534240365109,0.020454545454545427,0.0045454545454545504,0.04670329670879118,0.01648351647252745,13.0,4.333333333333333,2.0,-0.1302298301044014,1.0
R_0764c3c5aa0f,0.0396810905,0.158724362,0.018723357979014706,0.061847651,0.09431818175000001,0.07618440372999066,0.1538461538928571,0.07344299502508482,42.0,14.0,8.0,-0.5177609687100488,0.0
R_087653930bc6,0.00519308975,0.020772359,0.0005097627622357777,0.005867072,0.010227272749999999,0.005719571319109522,0.00824175825,0.010521177018832584,6.0,2.0,2.0,-0.09229127948272131,1.0
R_08e16389da52,0.00597450725,0.023898029,0.00244070571279584,0.008509793,0.0159090908181818,0.002624319300434634,0.03571428575,0.0054945055,9.0,3.0,2.0,0.068542139339273,1.0
R_0a8b6cf10d4a,0.03674707082406165,0.1469882832962466,0.020127423856975392,0.066372766,0.05227272725,0.017208812997003605,0.041208791236263725,0.04519766553140092,33.0,11.0,33.0,1.8701418130873837,1.0
R_0ae004f16407,0.0060193101890405505,0.024077240756162202,0.003176830296046106,0.0107490927561622,0.028409090999999973,0.023872653597938446,0.024725274749999998,0.010521177018832586,60.0,20.0,0.0,-0.5391872319278008,1.0
R_0d1826549d7a,0.03552650581640895,0.1421060232656358,0.022601551541828725,0.05815148,0.06704545454545452,0.05693926499412881,0.09615384617032965,0.07419278056930091,30.0,10.0,2.0,1.5089882695737957,1.0
R_0d5ff1a0cb70,0.0047377195,0.018950878,0.0015956754876708694,0.007014497,0.0204545454090909,0.019813177050853937,0.024725274749999998,0.005494505500000001,16.0,5.333333333333333,9.0,-0.41688764174512505,1.0
R_0da7048aa5bd,0.01164007360045155,0.0465602944018062,0.004702544748904355,0.0177796600028493,0.026136363749999975,0.017158714434962936,0.04945054948626373,0.03416622366890883,52.0,17.333333333333332,24.0,0.17054619418969205,1.0
R_0e22697c1cf8,0.04414255825,0.176570233,0.02685132118352353,0.082936917,0.06136363625,0.029340782890604822,0.11813186814835161,0.03949424658789,155.0,51.666666666666664,131.0,0.45477573231916557,1.0
R_10ca8e25ef4b,0.019183935042529375,0.0767357401701175,0.015141169714781896,0.04089518,0.05227272725,0.022422195009930698,0.08516483520604393,0.027472527467765545,41.0,13.666666666666666,22.0,3.180626903180722,1.0
R_132e39612c26,0.013587542318284424,0.0543501692731377,0.0037193762648378603,0.0181304770088376,0.01250000025,0.019060220563259764,0.0,0.0,288.0,96.0,33.0,-0.2743693934345466,1.0
R_152fde9d3600,0.050898985304318196,0.20359594121727279,0.036843223306602654,0.095504498,0.10795454545454544,0.06247589066672481,0.2005494505494505,0.13137116366614868,4.0,1.3333333333333333,1.0,-0.3557429332497695,1.0
R_156f15c7d153,0.01456456188225125,0.058258247529005,0.010490170587412646,0.029840717,0.0193181816590909,0.005719571439521564,0.032967033,0.015540808393267127,56.0,18.666666666666668,36.0,-0.8017484717786179,1.0
R_1747b05852aa,0.0559131885,0.223652754,0.01717412093132576,0.08125086,0.08295454545454545,0.03264615365950988,0.17032967032967028,0.04789998839055686,149.0,49.666666666666664,5.0,0.1242657413086112,1.0
R_194894fb27ef,0.004073051,0.016292204,0.0008486247975664318,0.004931058,0.0193181816590909,0.0057195714395215655,0.043956044,0.015540808393267127,14.0,4.666666666666667,10.0,0.43582790847256175,1.0
R_195a0f61f3ab,0.009620253941583976,0.038481015766335905,0.006382203681322162,0.01527486711766,0.025,0.02015778012888617,0.0384615385,0.010989011000000002,67.0,22.333333333333332,27.0,3.6659216615807333,1.0
R_19cdbd68e43f,0.0085572265,0.034228906,0.0037123355335521155,0.013745443,0.0238636361590909,0.006818181681818202,0.052197802236263725,0.020801862090911515,37.0,12.333333333333334,22.0,1.7902471966490505,1.0
R_19cfd2c295af,0.0143954184346659,0.0575816737386636,0.010253356783204047,0.0286608088954122,0.0295454545,0.020157780053721566,0.04395604397252745,0.01554080836736576,51.0,17.0,29.0,1.7764043141401538,1.0
R_1ad6927c05c5,0.008702791410912075,0.0348111656436483,0.0018804526697797418,0.0109121896436483,0.05227272736363635,0.015525683244881237,0.03021978025,0.010521177018832586,28.0,9.333333333333334,10.0,0.1714730229520458,1.0
R_1c858cf89105,0.014737001713082424,0.0589480068523297,0.007851704730725646,0.0263277800300195,0.035227272500000004,0.028356010982072688,0.06318681325,0.025966019950430904,89.0,29.666666666666668,30.0,1.0903000684217559,0.0
R_1f2fe38dcd4b,0.013050490084782375,0.0522019603391295,0.01627783081967046,0.0371180813391295,0.01704545475,0.022073942694371122,0.03021978022252745,0.05336557613176957,3.0,1.0,2.0,-0.7446685395843914,1.0
R_1fc796f41fc9,0.0070346245,0.028138498,0.000568646547542789,0.007769846,0.01363636361363635,0.011134044297749227,0.024725274749999998,0.01876730911393141,13.0,4.333333333333333,3.0,0.08641303018618729,1.0
R_1fcb812a8523,0.00920133127337315,0.0368053250934926,0.0011688832099807994,0.0109238970934926,0.02386363620454545,0.0068181818737373685,0.057692307750000005,0.016483516500000003,31.0,10.333333333333334,8.0,0.04159570784041621,1.0
R_210aac65a0a6,0.019684424574678075,0.0787376982987123,0.009089652138908156,0.0277178956180476,0.05909090911363635,0.02727272747979799,0.10989010991208788,0.046622425119364895,76.0,25.333333333333332,24.0,1.4414223012420835,1.0
R_21ab756f87a8,0.01763844136014895,0.0705537654405958,0.011607244909848758,0.032973519,0.0352272728181818,0.02811208393842197,0.07142857146428569,0.055672835721942364,53.0,17.666666666666668,11.0,3.9704802676968636,1.0
R_22a9505d4307,0.004604591999999999,0.018418367999999997,0.001138510837227589,0.006303168,0.018181818090909074,0.0037113480951260335,0.043956043986263724,0.00897248988684593,16.0,5.333333333333333,13.0,-0.33645899030609583,1.0
R_22cda3f97eb2,0.00752276738988295,0.0300910695595318,0.0024321735808947417,0.0109633265595318,0.020454545340909076,0.005868156503008573,0.04670329672252745,0.010521176990138444,32.0,10.666666666666666,20.0,0.08197652509359721,1.0
R_274357faa809,0.005574377775323425,0.0222975111012937,0.004267283807007857,0.0119672021012937,0.0136363635,0.005248638758328391,0.024725274749999998,0.01382753560956151,6.0,2.0,0.0,2.4057484982842636,1.0
R_2879328207fd,0.02065774100430345,0.0826309640172138,0.01240798731283746,0.0354544763817303,0.051136363681818175,0.023582397626698007,0.08241758242857138,0.03859213827423541,20.0,6.666666666666667,16.0,2.224281090907283,1.0
R_2914b97d5f76,0.11949649011073775,0.477985960442951,0.02693769704996328,0.1347219519640409,0.18522727272727268,0.036810698828049514,0.1016483516840659,0.036308109121357984,60.0,20.0,25.0,0.7016732753563801,1.0
R_2d3733d53d93,0.0050020757499999995,0.020008302999999998,0.001162235279464927,0.005787339,0.0159090908181818,0.002624319300434634,0.0384615385,0.006344508458977761,19.0,6.333333333333333,5.0,0.08551309337547613,1.0
R_2d455f6343d2,0.011588354752197825,0.0463534190087913,0.0020741743137183155,0.0140131576144877,0.02499999986363635,0.007872958093753938,0.06043956047252745,0.019033525387507463,30.0,10.0,13.0,0.11169132600086204,1.0
R_2de9af11c8d1,0.0260316185,0.104126474,0.04242632845568627,0.089571508,0.04318181811363635,0.05920734453570518,0.00824175825,0.010521177018832584,128.0,42.666666666666664,1.0,1.2969949797930989,0.0
R_2e0db57dad5d,0.022495279638836227,0.08998111855534491,0.010940032227965373,0.0328211799656104,0.0579545455,0.02907551681568487,0.0879120879697802,0.03235077239542145,117.0,39.0,72.0,1.0830453641089606,0.0
R_2f4444d04c77,0.0070381895,0.028152758,0.003530997155423238,0.011778844,0.0261363634090909,0.009370694449335665,0.05219780225,0.024366547085996716,67.0,22.333333333333332,16.0,-0.2911481987363901,1.0
R_310eb5606c72,0.009720883485022449,0.038883533940089796,0.003395115403888017,0.0144842119400898,0.03295454538636362,0.018323313069952836,0.06868131872252745,0.031563531008674185,27.0,9.0,8.0,-0.4282644234511174,0.0
R_31bca038efb3,0.00173917575,0.006956703,0.0007172202929859951,0.002258661,0.021590908931818174,0.004351941375154583,0.03846153848626373,0.014186752176816558,41.0,13.666666666666666,20.0,2.313674624589394,1.0
R_3209e2cf2dba,0.004494532250000001,0.017978129000000002,0.0012504105085998423,0.006007976,0.01590909095454545,0.012026142185579234,0.024725274749999998,0.01876730911393141,8.0,2.6666666666666665,5.0,-0.3164767174972906,0.0
R_34844b6e5b95,0.00539350175,0.021574007,0.001422548002026733,0.007351067,0.01931818177272725,0.008604406592549976,0.032967033,0.0,8.0,2.6666666666666665,0.0,-0.13113256559655503,1.0
R_3508d5aba457,0.0101287009757828,0.0405148039031312,0.003954319610568792,0.0155447649031312,0.020454545340909076,0.01202614219130598,0.03021978025,0.024366547085996712,18.0,6.0,4.0,-0.4179443046782814,1.0
R_363ef8dc98d5,0.01745385882558225,0.069815435302329,0.013565701819334289,0.037380119,0.03636363636363635,0.016597653539892402,0.06043956047252745,0.0329670329450549,59.0,19.666666666666668,15.0,0.251128478962421,1.0
R_3808e9ab5fcc,0.0036497385,0.014598954,0.00010839683415579996,0.003748712,0.0147727271590909,0.004351941343504104,0.032967033,0.008972489909277171,2.0,0.6666666666666666,1.0,-0.05658549510460729,1.0
R_381fecb292cd,0.01117850148915845,0.0447140059566338,0.00412639927742303,0.0168587723225639,0.026136363590909074,0.011363636393939414,0.04670329673626372,0.031563531051715395,12.0,4.0,3.0,-0.33342992900150376,1.0
R_3b0f2b05eb5f,0.010281208822701851,0.041124835290807404,0.005289367278602691,0.017541633,0.02499999986363635,0.007872958163735797,0.00824175825,0.010521177018832584,89.0,29.666666666666668,28.0,0.4045986607518204,1.0
R_3bef43e92dbc,0.00378771275,0.015150851,0.0008731244766447965,0.005029623,0.0113636363181818,0.002624319457893757,0.01923076925,0.010521177018832586,9.0,3.0,3.0,-0.2803503661474931,1.0
R_3c0eb6383c3b,0.06739954653051457,0.26959818612205827,0.07420096663302207,0.1781041537614421,0.0931818182272727,0.07998794674178689,0.13186813190109886,0.08836877712335582,6.0,2.0,1.0,-0.8765378690166026,1.0
R_3df565a6a535,0.00940677225,0.037627089,0.009942274079233194,0.024304889,0.0545454546590909,0.03421693882793757,0.08241758243681317,0.08050278744952413,36.0,12.0,7.0,-0.22067973614780007,1.0
R_3fa49771a62c,0.0010294481447323742,0.004117792578929497,0.0010169030695478226,0.002179626,0.0079545455,0.0022727269999999996,0.010989011,0.008972489909277171,71.0,23.666666666666668,62.0,-0.8240837861547103,1.0
R_4057a5722927,0.009069305447558925,0.0362772217902357,0.002537103957550694,0.0117038332028344,0.0147727271590909,0.004351941343504104,0.03021978025,0.010521177018832586,91.0,30.333333333333332,17.0,1.0585471467363867,1.0
R_41438a77931a,0.03741257156242285,0.1496502862496914,0.019203199856519783,0.059597465,0.10909090902272725,0.05995866358453105,0.20879120881318677,0.09910439013618914,69.0,23.0,7.0,-0.7442994840606818,1.0
R_439d4e7c6ef4,0.008847594032073925,0.0353903761282957,0.0021615027146607794,0.0116293621282957,0.020454545318181798,0.007872958058763025,0.0494505495,0.019033525376933275,14.0,4.666666666666667,7.0,-0.2485155747011331,1.0
R_470301d598f9,0.0054836831496208,0.0219347325984832,0.003823952170039477,0.0110832965984832,0.01818181811363635,0.009819304116551911,0.043956044,0.02373897694098389,11.0,3.6666666666666665,9.0,2.892759043287418,0.0
R_47d2fecfd275,0.039885850380225796,0.15954340152090318,0.023198543981489652,0.0624057136141716,0.06590909093181818,0.032033900790604,0.13186813187912086,0.060189292012134084,23.0,7.666666666666667,1.0,-0.8285721262845617,1.0
R_4915df311c71,0.02770310398973055,0.1108124159589222,0.014883174843577358,0.0454307827862678,0.06022727274999998,0.029777642415240273,0.06318681325,0.02265442653703718,96.0,32.0,30.0,2.231952398311363,1.0
R_4a03f574a843,0.021438180969207077,0.08575272387682831,0.007703807060361086,0.032181313,0.048863636363636345,0.031573736252408266,0.0824175824340659,0.04789998838299369,7.0,2.3333333333333335,5.0,1.0993002683166933,1.0
R_4acd67677428,0.01245820504875165,0.0498328201950066,0.005373967037469465,0.018800293,0.0124999999772727,0.0022727273181818,0.0274725275,0.006344508458977758,51.0,17.0,21.0,-0.632742971454144,1.0
R_4dbeea2c5613,0.04606118928590985,0.1842447571436394,0.06275474911915373,0.1401730352734466,0.0874999998409091,0.1326450036656179,0.13186813188461538,0.22051160355523175,31.0,10.333333333333334,4.0,0.17301131615736368,1.0
R_51a95d87fad5,0.0065723855,0.026289542,0.0006354776336150627,0.007400492,0.022727272590909075,0.006428243336767399,0.04670329675,0.013827535609561507,37.0,12.333333333333334,10.0,0.1463522371045882,1.0
R_51b9eb1075e5,0.02923403749173175,0.116936149966927,0.017338894538100377,0.0543149219369239,0.036363636181818176,0.02257524909331777,0.08791208794505492,0.05457752535725197,8.0,2.6666666666666665,1.0,-0.15532433884623598,1.0
R_52396c335050,0.0465122705528557,0.1860490822114228,0.05277504404493002,0.1244943989527498,0.07727272718181817,0.11541039486057258,0.09340659341483515,0.13017842962066253,102.0,34.0,40.0,8.047457640338473,0.0
R_52be8a2bdd1b,0.021567857106332276,0.0862714284253291,0.021484096975987986,0.052945548,0.07954545461363635,0.08050289591919912,0.10989010992307693,0.1354816264246174,36.0,12.0,0.0,-0.6235181191956081,1.0
R_5752070d8256,0.025029686181293774,0.1001187447251751,0.00947913797396908,0.037083084,0.07159090925,0.025273980733849313,0.13736263738736257,0.05567283570458979,20.0,6.666666666666667,14.0,0.8252977550798021,1.0
R_57878a0abfaa,0.01270400784199575,0.050816031367983,0.009189066667240212,0.024909143367983,0.0295454544090909,0.01507556725629832,0.065934066,0.026917469727831517,11.0,3.6666666666666665,4.0,0.8506879614654214,1.0
R_585195c95fdf,0.0116393253452179,0.0465573013808716,0.0038681640026216007,0.0171252984738469,0.02159090902272725,0.016336256591022096,0.04395604397252745,0.0439560439450549,100.0,33.333333333333336,20.0,0.9924211687915103,1.0
R_596867e1aa1f,0.003965279,0.015861116,0.0006973825465696715,0.004661826,0.02272727261363635,0.0037113480580125494,0.05219780220879118,0.0054945054725274505,24.0,8.0,13.0,0.08230866468812416,1.0
R_5bc80577eb1b,0.005383972250000001,0.021535889000000003,0.002225879473380559,0.008515952,0.0147727271590909,0.004351941343504105,0.032967033,0.012689016917955516,60.0,20.0,56.0,0.6970316225104535,1.0
R_5f33b67d4afb,0.007933843713094475,0.0317353748523779,0.003512581738939233,0.0123970868523779,0.04204545445454545,0.02045454547474748,0.03571428575,0.010521177018832586,119.0,39.666666666666664,67.0,0.7723471818405763,0.0
R_679e8a21de06,0.019197659793018376,0.0767906391720735,0.016021778237063643,0.041560985,0.04090909086363635,0.04014436760852892,0.07967032969230768,0.10630602095617554,12.0,4.0,0.0,0.3718038200924138,1.0
R_6a3e6d6b3e96,0.00987530572019005,0.0395012228807602,0.004369314884109369,0.0155614309660962,0.01818181818181815,0.005248638810814786,0.024725274749999998,0.01876730911393141,18.0,6.0,1.0,-0.49520647046931215,1.0
R_6b805a8bab3f,0.03008150044847655,0.1203260017939062,0.008381857507626789,0.039666973,0.0625,0.02175970699446223,0.052197802236263725,0.010521177014050228,68.0,22.666666666666668,29.0,1.0616326474798297,1.0
R_6cba0b0742a6,0.00261545975,0.010461839,0.0013241275673517704,0.004020959,0.0079545456590909,0.00435194115360119,0.01373626375,0.01382753560956151,78.0,26.0,24.0,0.2042914774399652,1.0
R_6cd70fe824e4,0.020259103666530526,0.0810364146661221,0.010202469766672807,0.032463414,0.06136363625,0.04023005485157685,0.14835164838461534,0.09725947284043444,3.0,1.0,2.0,1.1277547872888245,1.0
R_6f839b4f38b0,0.012332832249911475,0.0493313289996459,0.005227440846620388,0.0193151929762205,0.04090909093181818,0.028986555390187886,0.06868131875,0.028900611453918014,73.0,24.333333333333332,57.0,0.5694717694589474,1.0
R_7252efa84c7c,0.00511136475,0.020445459,0.0021434750934592756,0.007922569,0.0136363636363636,0.0,0.03021978025,0.005494505500000001,118.0,39.333333333333336,48.0,0.052860210563989374,1.0
R_72955de83155,0.008458741270841924,0.033834965083367696,0.00281607768771219,0.0105165251698617,0.03749999995454545,0.010078890023444214,0.07417582425000001,0.03156353105649776,239.0,79.66666666666667,4.0,1.3220426883619079,1.0
R_79ec6c17d7ff,0.007603278736829651,0.030413114947318604,0.008306816329556838,0.0200238709473186,0.021590909045454527,0.017158714669766394,0.04670329672252745,0.04429811948819489,8.0,2.6666666666666665,2.0,-0.3138361425048972,1.0
R_7a81fcd83533,0.009317221443088525,0.0372688857723541,0.004077313744913906,0.0140732456483854,0.03409090911363635,0.013636363651515167,0.07417582422252746,0.022654426568131516,15.0,5.0,0.0,0.1435415529326271,1.0
R_7aa161e6d6f2,0.01314461795438085,0.0525784718175234,0.0044843518241119975,0.019574945,0.013636363568181799,0.003711348058012547,0.032967033,0.008972489909277171,12.0,4.0,4.0,0.6828258034055502,1.0
R_7b5915a4b72f,0.007897979876082475,0.0315919195043299,0.0026792162126877375,0.0107268305043299,0.0306818180681818,0.015470134737669623,0.07417582422252746,0.037400325747224024,22.0,7.333333333333333,6.0,1.0294576045833852,1.0
R_7baebd8ebb7a,0.03929285561725135,0.1571714224690054,0.04351589371442919,0.1015595269811615,0.060227272772727276,0.07200158772832338,0.00824175825,0.010521177018832584,10.0,3.3333333333333335,1.0,-0.8696665453910852,1.0
R_7cfac7530fd2,0.00964126258012765,0.0385650503205106,0.007465582514231397,0.0195086651973097,0.020454545545454526,0.018370235725380872,0.049450549458791175,0.044411559160728656,188.0,62.666666666666664,141.0,2.3998504424382237,1.0
R_7d557362dce1,0.012448204323899498,0.049792817295597994,0.006693774284881547,0.02233520831646,0.0329545454090909,0.015909090956709972,0.0604395605,0.02615907851899003,70.0,23.333333333333332,26.0,0.2595643682142598,1.0
R_7dd02f26fb1c,0.0070464230719716504,0.028185692287886602,0.0034744636763185724,0.0115447872878866,0.01590909086363635,0.007872958268708543,0.03846153847252745,0.01903352534521071,7.0,2.3333333333333335,0.0,-0.5127634989515103,1.0
R_7e6e44c34dc8,0.0031121665,0.012448666,0.0029151935891095922,0.007212418,0.0090909093181818,0.005248638548382817,0.010989011,0.0,7.0,2.3333333333333335,6.0,1.2959193059615008,1.0
R_7f86bb05e8b3,0.024778881722603,0.099115526890412,0.01009450196508379,0.038104044,0.034090909136363624,0.014132392767834926,0.06593406598626372,0.008972489931708417,26.0,8.666666666666666,8.0,1.227334970242031,1.0
R_802547edfea3,0.01353540024289685,0.0541416009715874,0.01272089394859365,0.031310869,0.0397727272272727,0.021759706915336033,0.09065934068131865,0.058407394552033205,35.0,11.666666666666666,5.0,1.2180411157504893,1.0
R_8239d80126fe,0.0085594911948419,0.0342379647793676,0.0018680136219245964,0.0101558187793676,0.01590909086363635,0.010820346142042253,0.030219780236263726,0.01876730908980199,117.0,39.0,111.0,0.0012043748339456695,0.0
R_82c9c948262a,0.01019169778565555,0.0407667911426222,0.0028315443000675906,0.0138191591845946,0.017045454409090898,0.002272727181818199,0.04120879125,0.005494505499999997,15.0,5.0,2.0,-0.2268960821594724,1.0
R_84837077fbcc,0.014275163455793952,0.057100653823175807,0.004632574292348265,0.018567439,0.02613636361363635,0.010078890013194498,0.05494505498626373,0.032350772436482086,106.0,35.333333333333336,19.0,0.8416425510918302,1.0
R_873c6dd63fdb,0.053461130812236676,0.2138445232489467,0.01234201421420663,0.069846643,0.1147727272272727,0.03969147551789777,0.13736263737087906,0.08100126147849644,96.0,32.0,76.0,-0.284293959640127,0.0
R_8740f73829d8,0.010345254118119275,0.0413810164724771,0.0011864507958313348,0.0120844213767621,0.023863636295454523,0.015470134791091664,0.043956043986263724,0.023738976932505672,15.0,5.0,4.0,0.23566334166337702,1.0
R_875e9abfd4a3,0.05036316770614535,0.2014526708245814,0.07262932003138226,0.1577579618245814,0.09090909090909086,0.08922685978385123,0.021978022,0.031081616786534254,141.0,47.0,31.0,9.737680633974035,1.0
R_8a64aab1ebf4,0.01564639069782245,0.0625855627912898,0.011086641320379663,0.031598454,0.020454545318181798,0.01082034593836517,0.049450549499999996,0.02615907851899003,109.0,36.333333333333336,91.0,-0.5523090367320904,0.0
R_8a80ec7d0271,0.01687308239620585,0.0674923295848234,0.012031298066390368,0.033630754,0.03977272720454545,0.010078890225022015,0.08516483522252745,0.018767309065672574,20.0,6.666666666666667,9.0,-0.5860625576600917,0.0
R_8c4bd0d6f67a,0.22540131773821198,0.9016052709528479,0.21455896725758575,0.5092835511220624,0.28977272725000003,0.20420426093081476,0.010989011,0.021978022,51.0,17.0,4.0,11.20453720576914,0.0
R_8cd0a0588527,0.00537973725,0.021518949,0.0019086431893706368,0.007958989,0.017045454499999974,0.004351941383067211,0.024725274749999998,0.010521177018832586,3.0,1.0,2.0,1.2014711157463756,1.0
R_8ddbd2ee1f30,0.03156938494438005,0.1262775397775202,0.029594112516779583,0.070088334,0.051136363590909076,0.03827819719963305,0.10989010990934064,0.08272226950657335,24.0,8.0,18.0,2.3769287458007904,1.0
R_8f19e6997e93,0.03481248774001835,0.1392499509600734,0.018386491466259133,0.059637504,0.06477272727272726,0.04535974963612941,0.09615384618406592,0.11327213255512279,27.0,9.0,1.0,-0.506522024087628,1.0
R_8f58383c9e73,0.0064962942499999995,0.025985176999999998,0.002949643322457748,0.009317379,0.030681818045454525,0.01251720579478865,0.0604395605,0.026159078518990034,96.0,32.0,43.0,-0.6434453889458671,1.0
R_905bf3e015e7,0.015014960406458524,0.060059841625834096,0.008959387866243021,0.02350119,0.03181818170454545,0.032141217240951335,0.041208791236263725,0.03846153849345892,39.0,13.0,33.0,0.44324884905128353,1.0
R_907b48246945,0.012131715490934,0.048526861963736,0.005855166389016444,0.0183373800832083,0.043181818250000004,0.02530801987730753,0.08241758246153845,0.058493477734593784,19.0,6.333333333333333,7.0,1.4341707157503198,1.0
R_924654cf7735,0.006360238,0.025440952,0.00038382997585302466,0.006693326,0.01931818177272725,0.004351941414717691,0.04670329672252745,0.010521176990138445,17.0,5.666666666666667,8.0,-0.061708675242678944,1.0
R_949c5c00d78d,0.00257177525,0.010287101,0.0023521460359996606,0.005977476,0.0227272725,0.005248638758328392,0.04945054947252745,0.006344508427255192,8.0,2.6666666666666665,5.0,-0.9019333689722933,1.0
R_95bc1a67a9fd,0.009391943,0.037567772,0.002871746306992895,0.013278979,0.02159090902272725,0.0057195714515627695,0.043956043986263724,0.02006309735454312,22.0,7.333333333333333,7.0,-0.10685860652021226,0.0
R_963d4c1a6ec5,0.005525828,0.022103312,0.008318151269914809,0.017973853,0.03068181820454545,0.036623127269978704,0.06043956045054945,0.09215930860494102,12.0,4.0,0.0,-0.8803958508033418,1.0
R_975dda7c1571,0.01804735681875325,0.072189427275013,0.0054229675601204265,0.0239976300000938,0.044318181954545455,0.010078890064443093,0.0851648352197802,0.031563531010905956,23.0,7.666666666666667,3.0,-0.3955303699353595,1.0
R_98a5685dbc34,0.0279672613700142,0.1118690454800568,0.029633128313157005,0.072078684,0.04886363627272725,0.0583726747155167,0.027472527500000003,0.029074190260553207,37.0,12.333333333333334,10.0,1.0046695603036966,1.0
R_991544d54918,0.01713865551576425,0.068554622063057,0.007810502298475102,0.0265245347917428,0.0454545455681818,0.041160841570452376,0.0604395605,0.03296703300000001,70.0,23.333333333333332,37.0,1.0969233192594867,1.0
R_9abdde6e1640,0.024664202208585,0.09865680883434,0.01763847695217553,0.049953656,0.0556818179772727,0.026859239107115896,0.12362637364560436,0.05183506114204366,88.0,29.333333333333332,33.0,2.953095991200682,1.0
R_9b6999edad0c,0.0100459078531254,0.0401836314125016,0.005818533680736487,0.017004638,0.022727272590909075,0.009819303948220996,0.032967033,0.015540808393267129,84.0,28.0,22.0,2.036904770159037,1.0
R_9d1fade0c57a,0.0074215566045285255,0.029686226418114102,0.003896538542183237,0.0124333674181141,0.020454545363636348,0.0026243195103801517,0.03021978025,0.0164835165,33.0,11.0,26.0,2.9670950192683003,1.0
R_9d435e2d43b1,0.01511038306569025,0.060441532262761,0.008480168479122708,0.0277224811519106,0.03749999988636363,0.02078851924923365,0.0631868132197802,0.04244186894831688,59.0,19.666666666666668,20.0,1.2760542748062782,1.0
R_9e46e85949e2,0.026853305365214124,0.1074132214608565,0.015152980422009594,0.047318848,0.0613636361590909,0.03901331284222886,0.1153846154230769,0.046188718687679334,8.0,2.6666666666666665,0.0,-0.5306146326968233,1.0
R_9eaff829f730,0.024307177157145823,0.0972287086285833,0.017913219646129304,0.0474845367696197,0.040909090954545424,0.03037869349943778,0.052197802236263725,0.018767309111250362,92.0,30.666666666666668,11.0,-0.3831677242444072,1.0
R_9f6b7fa07ba9,0.007570177781980575,0.0302807111279223,0.005155884640883198,0.0150405761279223,0.042045454409090896,0.021759706978637005,0.07967032970054942,0.047794829117757946,14.0,4.666666666666667,9.0,-0.7552232579426786,
R_a06cabaa2389,0.00524723225,0.020988929,0.002469739683107564,0.0089178,0.020454545499999997,0.01680384306857447,0.043956043986263724,0.03475030398685286,3.0,1.0,2.0,0.2262142922706195,
R_a0f3ba4c29eb,0.0475917860072339,0.1903671440289356,0.020648442954522592,0.077187779,0.042045454386363625,0.02415942219762024,0.0686813187142857,0.05485340340391057,82.0,27.333333333333332,18.0,1.6460347535887005,
R_a168bfb4a03d,0.0032151872500000003,0.012860749000000001,0.004000151476971706,0.009112149,0.013636363590909075,0.006428243508187194,0.027472527486263727,0.021042354013753383,17.0,5.666666666666667,0.0,2.96192014409252,
R_a178ca4329e3,0.00666996731715815,0.0266798692686326,0.0039183057755010076,0.0120394402686326,0.02159090909090905,0.0159090909090909,0.03571428575,0.020801862093330337,19.0,6.333333333333333,3.0,0.863381356042894,
R_a26777c5872d,0.01155079821324125,0.046203192852965,0.006082290385757807,0.01938399,0.028409090795454523,0.01590909088528137,0.05219780225,0.0302613766637015,17.0,5.666666666666667,5.0,-0.5279506068610892,
R_a30bd25fcc7e,0.009375442961210526,0.0375017718448421,0.000979783089084053,0.0102856559294363,0.0159090908181818,0.002624319300434635,0.0384615385,0.00634450845897776,4.0,1.3333333333333333,0.0,-0.017125391890127538,
R_a54158c4f017,0.013464351638607975,0.0538574065544319,0.0063291297831330464,0.0198549245111708,0.03181818163636362,0.006428243293912438,0.06593406597252746,0.012689016949678085,45.0,15.0,12.0,0.6385743531689381,
R_a9ae7626464a,0.00448656125,0.017946245,0.00155421043096838,0.006566345,0.0147727271590909,0.004351941343504104,0.021978022,0.015540808393267127,75.0,25.0,17.0,1.0104964627590938,
R_a9f2a796b70b,0.01309306875,0.052372275,0.010631588549124393,0.024638034,0.057954545681818154,0.05107319313654211,0.041208791236263725,0.03740032577547609,63.0,21.0,55.0,13.530792199230847,
R_aa1f647eed7a,0.02192973993484345,0.0877189597393738,0.018592137525118117,0.047979454,0.0443181817272727,0.02786602138193399,0.06043956048626373,0.031722542298061054,14.0,4.666666666666667,5.0,11.406122122869608,
R_ac3cf96beb4b,0.017985733463814553,0.07194293385525821,0.013561190898367756,0.0375578805322816,0.03863636359090908,0.030265127906844075,0.08241758244780217,0.052701445303872774,84.0,28.0,48.0,4.825877771160208,
R_ae69b938180c,0.0055690195,0.022276078,0.0019384811670257894,0.007014388,0.020454545340909076,0.005868156503008571,0.024725274749999998,0.010521177018832584,32.0,10.666666666666666,5.0,1.424100021851251,
R_b04e869971a1,0.03171451824191358,0.1268580729676543,0.028605638937492267,0.073135406,0.030681818045454525,0.010078889982445317,0.0384615385,0.022875450566459326,133.0,44.333333333333336,57.0,-0.5840247285752613,
R_b07dfd72e035,0.013644966556736676,0.0545798662269467,0.004872687644160654,0.020577083,0.053409091,0.020454545481481488,0.1071428571785714,0.049450549416564904,33.0,11.0,5.0,-0.5091350280118512,
R_b1096821a5e7,0.0169800263597774,0.0679201054391096,0.018733519472396664,0.044206737583094,0.040909090681818173,0.03655253948736267,0.03021978025,0.034018636702529095,12.0,4.0,1.0,-0.6741853204104291,
R_b2e9d7546e7c,0.0197837590548529,0.0791350362194116,0.011864734210741346,0.037333613,0.052272727318181805,0.01680384321612043,0.09340659342307686,0.03859213827319237,10.0,3.3333333333333335,5.0,-0.6367348390188456,
R_b3e11b3d731f,0.00419411875,0.016776475,0.0013353663171153639,0.005781707,0.021590909045454524,0.002272727363636352,0.05219780220879118,0.0054945054725274505,21.0,7.0,11.0,-0.2796891306649458,
R_b575eeef75e2,0.0029052895,0.011621158,0.00305183864862583,0.006619136,0.012499999999999999,0.006818181555555557,0.0274725275,0.014186752198096704,116.0,38.666666666666664,86.0,-0.3742920085025444,
R_b66289c92733,0.0055634115000000005,0.022253646000000002,0.0036826556100525696,0.009550595,0.0113636364090909,0.0058681563504364865,0.0274725275,0.014186752198096706,80.0,26.666666666666668,23.0,1.7799942444118677,
R_b768f0ddf79b,0.0106352904348507,0.0425411617394028,0.004485686448354236,0.0172341457394028,0.03977272743181817,0.017158714952734706,0.0686813186895604,0.04337992410204077,52.0,17.333333333333332,2.0,0.13145126265367268,
R_b94ca72bdf75,0.04248829125,0.169953165,0.024711150173304105,0.06568486,0.06363636363636363,0.03579094498578104,0.10989010989010985,0.07873327934140906,15.0,5.0,6.0,-0.14825659586401094,
R_bc53c377bcbc,0.03871017972740333,0.15484071890961332,0.04138763526205142,0.096704705,0.07386363638636363,0.07609395023746005,0.030219780236263726,0.024366547067412044,5.0,1.6666666666666667,0.0,-0.2672181214104839,
R_bf0703d438aa,0.018554512382495177,0.0742180495299807,0.021190508789979832,0.0503139225299807,0.03409090895454545,0.02361887464283469,0.0714285714642857,0.04955219506687606,113.0,37.666666666666664,10.0,0.2764908896558316,
R_c2ac7df62903,0.007907458,0.031629832,0.00716727550824798,0.018583134,0.022727272749999975,0.012856486973519475,0.01923076925,0.010521177018832586,7.0,2.3333333333333335,6.0,4.840094929140965,
R_c339ff4c4e8f,0.0049450762499999995,0.019780304999999998,0.0027040697209446325,0.008922892,0.023863636181818176,0.004351941335591484,0.04120879125,0.01876730911393141,10.0,3.3333333333333335,7.0,1.415292417936172,
R_c6d5c8ee6c2b,0.0045394054999999996,0.018157621999999998,0.0012284876092522603,0.006230173,0.0227272728181818,0.021320071881064908,0.03021978025,0.010521177018832584,64.0,21.333333333333332,38.0,0.8082908020015724,
R_c6dfb7e27f97,0.018271693859171302,0.07308677543668521,0.015286976675167138,0.038758631,0.03977272738636363,0.01755550050954106,0.024725274749999998,0.013827535609561509,28.0,9.333333333333334,10.0,3.918182865290549,
R_c97407999904,0.0158046313580712,0.0632185254322848,0.0065841246054968595,0.0252261660752293,0.028409090909090877,0.01136363636363635,0.06868131868131863,0.02747252747252745,46.0,15.333333333333334,6.0,-0.05102127179159375,
R_ca0aa22e814b,0.0048650740000000005,0.019460296000000002,0.0013223261382445206,0.00616401,0.017045454409090898,0.00776284139177333,0.03571428575,0.010521177018832584,11.0,3.6666666666666665,7.0,-0.1331560677373874,
R_cb0e0b2313a9,0.007316751782230375,0.0292670071289215,0.003956826281294827,0.0124289851289215,0.018181818,0.012856486802099628,0.0384615385,0.032967033,21.0,7.0,5.0,-0.649651712787057,
R_cbfb25b5f680,0.0047043665,0.018817466,0.0008836754484886784,0.005752896,0.02045454525,0.008703882710746064,0.043956044,0.017944979818554342,37.0,12.333333333333334,15.0,0.19193897455089612,
R_cefc84341855,0.016017482019347648,0.06406992807739059,0.005401141681243436,0.023467289,0.03636363625,0.018181818500000002,0.08241758246703294,0.032967032934065894,5.0,1.6666666666666667,3.0,0.5148996298982921,
R_cf0cea195a54,0.01713001622611915,0.0685200649044766,0.016093179176532465,0.0411416409044766,0.02386363627272725,0.01455255513240002,0.05219780225,0.03156353105649776,101.0,33.666666666666664,50.0,4.887699962446012,
R_cf872fa2d813,0.02658431934026895,0.1063372773610758,0.01496151068326276,0.0442605473056007,0.0340909090681818,0.012026142420375335,0.065934066,0.023738976940983886,42.0,14.0,12.0,0.9951053610573962,
R_d063e5c9e7ac,0.056441817583985476,0.2257672703359419,0.01998627361012095,0.082538755,0.09318181820454542,0.0360784269671537,0.1318681319038461,0.09367554468193258,10.0,3.3333333333333335,1.0,-0.5877226394003484,
R_d181780cd587,0.016513386499999998,0.06605354599999999,0.022854553904189605,0.050730699,0.034090909,0.021157939499316783,0.01923076925,0.01876730911393141,26.0,8.666666666666666,4.0,-0.9306696982492149,
R_d2096194213b,0.0065306278516467,0.0261225114065868,0.007275544218237211,0.0154556964065868,0.0204545456590909,0.026111648163888678,0.032967033,0.0369945236207384,42.0,14.0,7.0,-0.9718268238666992,
R_d2cc36baa306,0.0087527505,0.035011002,0.004817316218307208,0.015203392,0.030681818181818175,0.016336256841862705,0.06593406597252745,0.031081616734731518,35.0,11.666666666666666,1.0,0.41197302109034156,
R_d2ecd389366c,0.04994712349324903,0.1997884939729961,0.034474912161251314,0.090466937,0.080681818,0.027114439496347734,0.057692307750000005,0.032814052903086796,38.0,12.666666666666666,4.0,-0.6768496666393531,
R_d2ecfff4d20d,0.013423426557498801,0.053693706229995204,0.011275903074261165,0.029540075965062,0.03181818177272725,0.011134044359605022,0.07417582422252746,0.03156353101505066,27.0,9.0,10.0,7.172051651090447,
R_d3447704a05a,0.0966773624253621,0.3867094497014484,0.062105622113852524,0.1834367677014484,0.14886363647727271,0.10314443308342881,0.3489010989010989,0.23438214895375156,47.0,15.666666666666666,14.0,-0.573874761239146,
R_d4cbddaf4366,0.05252882643272268,0.2101153057308907,0.033960428225559,0.096726307,0.0590909090681818,0.03692744740197112,0.03571428575,0.024366547085996712,28.0,9.333333333333334,25.0,-0.8379072755937855,
R_d5908663a1f5,0.06160848998327275,0.246433959933091,0.050727440574310965,0.124943488933091,0.08068181813636362,0.07564006042011157,0.09890109890659336,0.11490393509591962,14.0,4.666666666666667,0.0,-0.9302837998347839,
R_d6243f478a62,0.007594592,0.030378368,0.0030621109992182405,0.010189944,0.030681818,0.010078889989278483,0.04670329675,0.01382753560956151,233.0,77.66666666666667,76.0,1.6179830296428928,
R_d63116b08875,0.00742795,0.0297118,0.0015768090341473394,0.009655809,0.020454545454545427,0.0045454545454545504,0.04120879122252745,0.016483516469474945,80.0,26.666666666666668,70.0,0.5228449394011789,
R_d6ad4dcd4a78,0.00779017954607285,0.0311607181842914,0.0038383278440407335,0.0125330491842914,0.013636363590909075,0.006428243508187194,0.027472527486263727,0.019033525350497803,91.0,30.333333333333332,70.0,0.7449519244982755,
R_d76617e3d3fc,0.00372820525,0.014912821,0.0008990822923338277,0.004780821,0.017045454499999974,0.004351941383067212,0.041208791236263725,0.0105211769949208,53.0,17.666666666666668,9.0,0.4578719671954114,
R_d7998c6aa4cb,0.014525390593917276,0.0581015623756691,0.010951334176475688,0.029391657240615,0.046590909,0.029311427636378354,0.09890109895054945,0.06833244724827858,39.0,13.0,11.0,-0.7072109065691335,
R_d940817c7625,0.007013969167523025,0.0280558766700921,0.003069104037506008,0.0104839976700921,0.0261363635681818,0.008604406572539731,0.043956043986263724,0.02006309735454312,30.0,10.0,3.0,2.29432228693321,
R_dad8a3d0290e,0.010863461010989076,0.0434538440439563,0.0036559383297437094,0.015773401,0.03295454520454545,0.004351941327678863,0.06318681325,0.02265442653703718,31.0,10.333333333333334,9.0,-0.2693411912150388,
R_dadf05d6b9a0,0.026363003161511425,0.1054520126460457,0.019137726013492846,0.04982324,0.06590909095454542,0.04731059089695754,0.10164835168131865,0.05105260022068177,8.0,2.6666666666666665,1.0,-0.9231986077459485,
R_dc615c3e8479,0.0374187241451107,0.1496748965804428,0.026701833892345685,0.069624341,0.15795454547727272,0.14139091620563293,0.09615384618131864,0.0526058850189843,31.0,10.333333333333334,8.0,-0.5122199485288792,
R_dcb241210d92,0.18443830523345833,0.7377532209338333,0.038128096094262987,0.2185677203306562,0.3806818181818181,0.07743965926091283,0.032967033,0.0,43.0,14.333333333333334,17.0,0.010345242775570454,
R_dda02fa3661f,0.006522025347879975,0.0260881013915199,0.004285808008256698,0.0118196603915199,0.01818181811363635,0.00981930411655191,0.00824175825,0.010521177018832584,43.0,14.333333333333334,3.0,-0.14011694427879012,
R_ddca17c61a00,0.04224216952603607,0.1689686781041443,0.024624354683252973,0.068888564,0.08181818195454543,0.0401443674404029,0.09340659341758237,0.05115106241722313,91.0,30.333333333333332,16.0,-0.6876257328268092,
R_e30b882475f2,0.009042476,0.036169904,0.0002168063940139527,0.009261718,0.02272727261363635,0.0037113480580125502,0.054945054972527455,0.008972489909277173,22.0,7.333333333333333,16.0,0.03332026629974858,
R_e5014c6989f7,0.0033023687499999996,0.013209474999999998,0.0014528150207794004,0.00513839,0.015909090909090873,0.0045454545454545504,0.03021978025,0.013827535609561507,124.0,41.333333333333336,78.0,0.38523738482499864,
R_e601d0209ffc,0.012600532713256125,0.0504021308530245,0.006936222571933367,0.0200436608530245,0.0409090908181818,0.049096520487372036,0.052197802236263725,0.03401863670105003,13.0,4.333333333333333,6.0,2.721239429101624,
R_e6c784172e94,0.0079933512859869,0.0319734051439476,0.003305637140822639,0.0111900891439476,0.04886363625,0.03624507193157532,0.03571428575,0.024366547085996716,44.0,14.666666666666666,4.0,2.2055512636197894,
R_e9843327ee71,0.13782283214570892,0.5512913285828357,0.12264016762020795,0.2933480218906203,0.23068181815909092,0.20969527283278463,0.31318681321153846,0.36185952763480983,17.0,5.666666666666667,0.0,-0.9242259296978322,
R_e9ad43eb914d,0.01323068927906825,0.052922757116273,0.003258314358082245,0.0166552353140343,0.027272727181818175,0.009819304186689805,0.06593406598626372,0.0237389769494621,11.0,3.6666666666666665,5.0,0.5535630427127811,
R_eb67a42b5269,0.011237271199765926,0.044949084799063704,0.0071116685618976975,0.021070311,0.06249999990909087,0.04830102457434136,0.04670329673626373,0.016483516490842485,106.0,35.333333333333336,10.0,0.8642857046286938,
R_ebe1db19d526,0.00575897375,0.023035895,0.0009851831304467798,0.006964064,0.027272727181818175,0.015302280281650246,0.024725274749999998,0.01382753560956151,67.0,22.333333333333332,50.0,0.1516178138840677,
R_ec40e921e41b,0.035644250295401476,0.1425770011816059,0.0422824859613843,0.098872167,0.0511363636363636,0.049567690311986635,0.09890109890934062,0.07344299506619101,0.0,0.0,0.0,-0.8845396243856536,
R_ed30db050223,0.0116522425078726,0.0466089700314904,0.0035403932763925063,0.0166498061755809,0.04090909075,0.017799000265978977,0.041208791236263725,0.022654426525932057,115.0,38.333333333333336,13.0,1.0031705316459034,
R_ef375ef7b927,0.014959228226953676,0.059836912907814704,0.006342014301613143,0.023174361,0.022727272590909075,0.009819303948220998,0.052197802236263725,0.027472527498168496,55.0,18.333333333333332,39.0,0.38551114722107654,
R_ef55b7149026,0.05699684425,0.227987377,0.0383496972120882,0.09441815,0.07727272715909086,0.04650305836383323,0.07967032971978019,0.04148260678865743,120.0,40.0,71.0,0.13757916753844712,
R_f13248f1a7b4,0.032461580223896676,0.1298463208955867,0.0322326552194851,0.079317129,0.08295454538636363,0.08474357695700788,0.19230769231318678,0.20743729134589325,66.0,22.0,13.0,-0.19698281876371077,
R_f3f804de099f,0.015280992877510776,0.061123971510043104,0.009034570115077488,0.027507871,0.06477272727272725,0.05446648323642025,0.09065934068681315,0.045197665469949876,13.0,4.333333333333333,3.0,1.5357848622861452,
R_f46844a83bc1,0.0064127695,0.025651078,0.0016809371840598327,0.008843654,0.0159090908181818,0.002624319300434634,0.0164835165,0.014186752198096704,25.0,8.333333333333334,3.0,0.21126647447860275,
R_f630be76e50c,0.04363250813837723,0.1745300325535089,0.01887373782626421,0.0562644865770955,0.07159090899999998,0.04349962793609286,0.12912087912087905,0.05485340341345032,205.0,68.33333333333333,32.0,-0.11798861044237323,
R_f7ef2a089b53,0.012983655132288024,0.0519346205291521,0.005417884132170182,0.0210061719281189,0.0318181817272727,0.011134044235893434,0.06593406594505491,0.029758382423742694,120.0,40.0,29.0,0.8684713899620269,
R_f9209b8ef81b,0.00683875425,0.027355017,0.001796841312284119,0.008754294,0.018181818090909074,0.003711348095126033,0.0164835165,0.010989011,62.0,20.666666666666668,29.0,0.06257638534158189,
R_fa61a73f5a74,0.01785387356539215,0.0714154942615686,0.008898595377956231,0.0297130288269711,0.05340909074999997,0.04334101446730444,0.0604395605,0.02615907851899003,71.0,23.666666666666668,18.0,-0.25446369958725296,
R_fbf716c44316,0.01182795148655465,0.0473118059462186,0.005871662210512328,0.0195005883097953,0.026136363590909074,0.006818181888888885,0.06318681323626373,0.01648351650915752,44.0,14.666666666666666,0.0,2.07103356898504,
R_fbfc44c82661,0.022558802486605377,0.09023520994642151,0.012272450194794745,0.0348227919464215,0.07840909095454544,0.05825457093050744,0.1318681318681318,0.06774081321943928,195.0,65.0,105.0,-0.2906968305460991,
R_fc86921835f8,0.00617748425,0.024709937,0.0015861843243266478,0.008475988,0.03181818168181817,0.01437398938356705,0.04670329673626372,0.01876730910588827,34.0,11.333333333333334,5.0,-0.09355237528583898,
R_fcd73752aabc,0.007496056892760025,0.0299842275710401,0.004669212330696899,0.0141230795710401,0.0136363636363636,0.0,0.032967033,0.0,3.0,1.0,1.0,-0.48345136663211696,
R_fd2a24dd655b,0.026739413692445452,0.10695765476978181,0.012896945665530528,0.037944652,0.11931818186363635,0.04302203288270884,0.10714285714285711,0.061757198901418925,56.0,18.666666666666668,21.0,-0.5086140831102336,
