,retail_id,order_date,order_value,carton_count,line_of_factor,order_rank
143864,R_c339ff4c4e8f,1/4/2025,0.003693746,0.027272727,0.065934066,1
152984,R_9abdde6e1640,1/6/2025,0.012635843656515282,0.045454545454545456,0.10989010989010989,1
152497,R_963d4c1a6ec5,1/6/2025,0.017973853,0.081818182,0.1978021978021978,1
257099,R_3df565a6a535,1/7/2025,0.004936916,0.013636363636363636,0.010989011,1
143866,R_c339ff4c4e8f,1/7/2025,0.004226144,0.022727272727272728,0.032967033,3
143865,R_c339ff4c4e8f,1/7/2025,0.002937523,0.018181818,0.021978022,2
153076,R_802547edfea3,1/9/2025,0.014115901971587453,0.045454545454545456,0.10989010989010989,1
150514,R_310eb5606c72,1/11/2025,0.014484211940089819,0.059090909,0.10989010989010989,1
143867,R_c339ff4c4e8f,1/14/2025,0.008922892,0.027272727,0.043956044,4
150515,R_310eb5606c72,1/16/2025,0.006593811,0.022727272727272728,0.043956044,2
152500,R_963d4c1a6ec5,1/18/2025,0.002148867,0,0,4
152498,R_963d4c1a6ec5,1/18/2025,0.001184755,0.009090909,0.021978022,2
152499,R_963d4c1a6ec5,1/18/2025,0.000795837,0.031818181818181815,0.021978022,3
242041,R_9b6999edad0c,1/22/2025,0.004109618,0.013636363636363636,0.032967033,1
25205,R_a9ae7626464a,1/22/2025,0.003265529,0.018181818,0.043956044,1
157298,R_57878a0abfaa,1/24/2025,0.013458937,0.027272727,0.065934066,1
153077,R_802547edfea3,1/25/2025,0.004944071,0.022727272727272728,0.043956044,2
257100,R_3df565a6a535,1/25/2025,0.024304889,0.090909091,0.1978021978021978,2
156092,R_d940817c7625,1/26/2025,0.003181748,0.031818181818181815,0.021978022,1
259992,R_6cd70fe824e4,1/27/2025,0.015256591802374014,0.036363636,0.087912088,1
259993,R_6cd70fe824e4,1/27/2025,0.009162609,0.018181818,0.043956044,2
157299,R_57878a0abfaa,1/27/2025,0.009370398,0.027272727,0.065934066,2
158444,R_8f58383c9e73,1/28/2025,0.009317379,0.036363636,0.087912088,1
259994,R_6cd70fe824e4,1/28/2025,0.024153799863748115,0.1,0.24175824175824176,3
117197,R_b3e11b3d731f,1/29/2025,0.004759328,0.018181818,0.043956044,1
152985,R_9abdde6e1640,1/29/2025,0.023564540665235396,0.045454545454545456,0.10989010989010989,2
259995,R_6cd70fe824e4,1/30/2025,0.032463414,0.090909091,0.21978021978021978,4
158935,R_7b5915a4b72f,1/30/2025,0.004335707,0.009090909,0.021978022,1
120348,R_210aac65a0a6,1/30/2025,0.011352585,0.027272727,0.054945054945054944,1
253175,R_f46844a83bc1,1/30/2025,0.004992026,0.013636363636363636,0.021978022,1
150516,R_310eb5606c72,1/30/2025,0.0095248,0.031818181818181815,0.076923077,3
117198,R_b3e11b3d731f,1/31/2025,0.005781707,0.022727272727272728,0.054945054945054944,2
157300,R_57878a0abfaa,1/31/2025,0.003077553,0.013636363636363636,0.032967033,3
159339,R_7dd02f26fb1c,1/31/2025,0.011544787287886693,0.022727272727272728,0.054945054945054944,1
156093,R_d940817c7625,2/1/2025,0.0080511,0.031818181818181815,0.054945054945054944,2
148348,R_9f6b7fa07ba9,2/1/2025,0.015040576127922306,0.059090909,0.14285714285714285,1
158936,R_7b5915a4b72f,2/1/2025,0.007729219,0.045454545454545456,0.10989010989010989,2
240054,R_3fa49771a62c,2/1/2025,0.00158351,0.009090909,0,1
159621,R_c2ac7df62903,2/2/2025,0.003181163,0.022727272727272728,0.021978022,1
768,R_b66289c92733,2/3/2025,0.002810181,0.004545455,0.010989011,1
154414,R_470301d598f9,2/3/2025,0.002846414,0.009090909,0.021978022,1
159622,R_c2ac7df62903,2/3/2025,0.00516083,0.013636363636363636,0.010989011,2
159623,R_c2ac7df62903,2/3/2025,0.004704705,0.013636363636363636,0.032967033,3
159996,R_34844b6e5b95,2/3/2025,0.004689757,0.031818181818181815,0.032967033,1
148349,R_9f6b7fa07ba9,2/4/2025,0.006875918,0.013636363636363636,0.032967033,2
157301,R_57878a0abfaa,2/4/2025,0.024909143367983024,0.05,0.098901099,4
159015,R_907b48246945,2/4/2025,0.004554482,0.009090909,0.010989011,1
240055,R_3fa49771a62c,2/5/2025,0.002179626,0.009090909,0.021978022,2
257101,R_3df565a6a535,2/5/2025,0.004538066,0.072727273,0.065934066,3
253176,R_f46844a83bc1,2/5/2025,0.005768513,0.018181818,0,2
154416,R_470301d598f9,2/5/2025,0.00323791,0.013636363636363636,0.032967033,3
154415,R_470301d598f9,2/5/2025,0.004767112,0.018181818,0.043956044,2
159340,R_7dd02f26fb1c,2/6/2025,0.007656012,0.022727272727272728,0.054945054945054944,2
148350,R_9f6b7fa07ba9,2/6/2025,0.004683389,0.059090909,0.054945054945054944,3
150517,R_310eb5606c72,2/7/2025,0.008280711,0.018181818,0.043956044,4
159341,R_7dd02f26fb1c,2/7/2025,0.003360364,0.009090909,0.021978022,3
159342,R_7dd02f26fb1c,2/7/2025,0.005624529,0.009090909,0.021978022,4
769,R_b66289c92733,2/8/2025,0.002078803,0.009090909,0.021978022,2
117199,R_b3e11b3d731f,2/8/2025,0.002807524,0.022727272727272728,0.054945054945054944,3
159016,R_907b48246945,2/8/2025,0.018337380083208368,0.054545455,0.087912088,2
153078,R_802547edfea3,2/8/2025,0.003770759,0.022727272727272728,0.043956044,3
253354,R_ebe1db19d526,2/9/2025,0.006047069,0.022727272727272728,0.043956044,1
159624,R_c2ac7df62903,2/9/2025,0.018583134,0.040909091,0.010989011,4
240056,R_3fa49771a62c,2/10/2025,7.691557892949696e-05,0.009090909,0.010989011,3
259975,R_d181780cd587,2/11/2025,0.050730699,0.059090909,0,1
143667,R_596867e1aa1f,2/11/2025,0.004307222,0.022727272727272728,0.054945054945054944,1
253355,R_ebe1db19d526,2/11/2025,0.005374123,0.05,0.010989011,2
159999,R_34844b6e5b95,2/11/2025,0.004074646,0.013636363636363636,0.032967033,4
159998,R_34844b6e5b95,2/11/2025,0.007351067,0.018181818,0.032967033,3
159997,R_34844b6e5b95,2/11/2025,0.005458537,0.013636363636363636,0.032967033,2
257102,R_3df565a6a535,2/12/2025,0.003847218,0.040909091,0.054945054945054944,4
153079,R_802547edfea3,2/13/2025,0.031310869,0.068181818,0.16483516483516483,4
155898,R_1f2fe38dcd4b,2/13/2025,0.008755747,0.009090909,0,1
154417,R_470301d598f9,2/14/2025,0.011083296598483276,0.031818181818181815,0.076923077,4
155900,R_1f2fe38dcd4b,2/14/2025,0.004093259,0.004545455,0,3
155899,R_1f2fe38dcd4b,2/14/2025,0.037118081339129576,0.05,0.10989010989010989,2
158937,R_7b5915a4b72f,2/15/2025,0.010726830504329933,0.031818181818181815,0.076923077,3
85885,R_d6243f478a62,2/15/2025,0.00389167,0.018181818,0.032967033,1
148351,R_9f6b7fa07ba9,2/15/2025,0.003680828,0.036363636,0.087912088,4
163437,R_5752070d8256,2/16/2025,0.014004554518169392,0.081818182,0.10989010989010989,1
159017,R_907b48246945,2/16/2025,0.014547179,0.068181818,0.15384615384615385,3
155901,R_1f2fe38dcd4b,2/16/2025,0.002234873,0.004545455,0.010989011,4
158445,R_8f58383c9e73,2/17/2025,0.004673035,0.022727272727272728,0.032967033,2
86812,R_3b0f2b05eb5f,2/17/2025,0.005398746,0.027272727,0,1
163174,R_e5014c6989f7,2/18/2025,0.003709115,0.013636363636363636,0.010989011,1
163186,R_7a81fcd83533,2/18/2025,0.005536407,0.022727272727272728,0.054945054945054944,1
143668,R_596867e1aa1f,2/18/2025,0.00384459,0.022727272727272728,0.054945054945054944,2
117200,R_b3e11b3d731f,2/19/2025,0.003427916,0.022727272727272728,0.054945054945054944,4
257610,R_132e39612c26,2/19/2025,0.018130477008837607,0.004545455,0,1
163438,R_5752070d8256,2/20/2025,0.023467798986343658,0.063636364,0.12087912087912088,2
156857,R_0ae004f16407,2/20/2025,0.010749092756162273,0.022727272727272728,0.032967033,1
253177,R_f46844a83bc1,2/21/2025,0.008843654,0.018181818,0.032967033,3
25206,R_a9ae7626464a,2/21/2025,0.004785733,0.018181818,0.010989011,2
158938,R_7b5915a4b72f,2/21/2025,0.008800163,0.036363636,0.087912088,4
164522,R_19cfd2c295af,2/21/2025,0.004254081,0.018181818,0.043956044,1
156094,R_d940817c7625,2/22/2025,0.006339031,0.013636363636363636,0.032967033,3
143669,R_596867e1aa1f,2/22/2025,0.003047478,0.018181818,0.043956044,3
163439,R_5752070d8256,2/22/2025,0.037083084,0.1,0.21978021978021978,3
165300,R_194894fb27ef,2/22/2025,0.002903222,0.018181818,0.032967033,1
3001,R_a178ca4329e3,2/22/2025,0.00382705,0.013636363636363636,0.021978022,1
159018,R_907b48246945,2/23/2025,0.011087820880527743,0.040909091,0.076923077,4
257568,R_905bf3e015e7,2/23/2025,0.013730441493919601,0.031818181818181815,0.054945054945054944,1
253178,R_f46844a83bc1,2/24/2025,0.006046885,0.013636363636363636,0.010989011,4
257569,R_905bf3e015e7,2/24/2025,0.02350119,0.077272727,0.087912088,2
165301,R_194894fb27ef,2/25/2025,0.004288961,0.013636363636363636,0.032967033,2
253730,R_dda02fa3661f,2/25/2025,0.003273893,0.013636363636363636,0.010989011,1
153410,R_e601d0209ffc,2/25/2025,0.005385555,0.009090909,0.021978022,1
156095,R_d940817c7625,2/25/2025,0.010483997670092194,0.027272727,0.065934066,4
37605,R_195a0f61f3ab,2/25/2025,0.003200792,0.009090909,0.021978022,1
259976,R_d181780cd587,2/26/2025,0.004880094,0.027272727,0.043956044,2
253356,R_ebe1db19d526,2/26/2025,0.004650639,0.018181818,0.021978022,3
165302,R_194894fb27ef,2/26/2025,0.004931058,0.027272727,0.065934066,3
164691,R_19cdbd68e43f,2/28/2025,0.004925604,0.013636363636363636,0.021978022,1
104627,R_10ca8e25ef4b,2/28/2025,0.009781308,0.05,0.087912088,1
140430,R_0551da2ede69,2/28/2025,0.00904811,0.022727272727272728,0.054945054945054944,1
164386,R_b575eeef75e2,3/1/2025,0.006619136,0.018181818,0.043956044,1
257570,R_905bf3e015e7,3/1/2025,0.003011323,0.009090909,0.021978022,3
152986,R_9abdde6e1640,3/2/2025,0.012502768512589519,0.036363636,0.076923077,3
166632,R_9eaff829f730,3/2/2025,0.047484536769619744,0.081818182,0.076923077,1
153411,R_e601d0209ffc,3/2/2025,0.008193937,0.013636363636363636,0.032967033,2
104628,R_10ca8e25ef4b,3/2/2025,0.007919515,0.027272727,0.054945054945054944,2
257611,R_132e39612c26,3/2/2025,0.014004398604449705,0.040909091,0,2
156858,R_0ae004f16407,3/3/2025,0.004359022,0.013636363636363636,0.021978022,2
156908,R_31bca038efb3,3/3/2025,0.00068092,0.022727272727272728,0.032967033,1
243700,R_6cba0b0742a6,3/3/2025,0.003338689,0.009090909,0,1
3002,R_a178ca4329e3,3/3/2025,0.003681262,0.013636363636363636,0.021978022,2
153412,R_e601d0209ffc,3/4/2025,0.016778978,0.027272727,0.054945054945054944,3
259977,R_d181780cd587,3/5/2025,0.006926509,0.040909091,0.021978022,3
164523,R_19cfd2c295af,3/5/2025,0.028660808895412268,0.054545455,0.054945054945054944,2
168233,R_949c5c00d78d,3/5/2025,0.005977476,0.027272727,0.054945054945054944,1
166557,R_72955de83155,3/5/2025,0.004528428,0.031818181818181815,0.032967033,1
156909,R_31bca038efb3,3/5/2025,0.00194411,0.018181818,0.021978022,2
163189,R_7a81fcd83533,3/5/2025,0.006331255,0.022727272727272728,0.054945054945054944,4
163188,R_7a81fcd83533,3/5/2025,0.011327978123968725,0.040909091,0.087912088,3
163187,R_7a81fcd83533,3/5/2025,0.014073245648385439,0.05,0.098901099,2
168499,R_d2cc36baa306,3/6/2025,0.006570207,0.027272727,0.065934066,1
163175,R_e5014c6989f7,3/7/2025,0.002555548,0.013636363636363636,0.032967033,2
166558,R_72955de83155,3/7/2025,0.008309681,0.027272727,0.065934066,2
168234,R_949c5c00d78d,3/7/2025,0.002013434,0.018181818,0.043956044,2
143670,R_596867e1aa1f,3/7/2025,0.004661826,0.027272727,0.054945054945054944,4
163440,R_5752070d8256,3/8/2025,0.025563307220662267,0.040909091,0.098901099,4
165303,R_194894fb27ef,3/8/2025,0.004168963,0.018181818,0.043956044,4
164692,R_19cdbd68e43f,3/8/2025,0.007663733,0.027272727,0.054945054945054944,2
164263,R_c6d5c8ee6c2b,3/8/2025,0.003444891,0.009090909,0.021978022,1
168235,R_949c5c00d78d,3/8/2025,0.001710902,0.027272727,0.054945054945054944,3
167018,R_4dbeea2c5613,3/8/2025,0.012915867481245319,0.027272727,0.043956044,1
166714,R_2879328207fd,3/9/2025,0.010995397454836598,0.022727272727272728,0.054945054945054944,1
242042,R_9b6999edad0c,3/9/2025,0.017004638,0.036363636,0.010989011,2
259978,R_d181780cd587,3/9/2025,0.003516244,0.009090909,0.010989011,4
166715,R_2879328207fd,3/10/2025,0.026348547180647008,0.068181818,0.10989010989010989,2
167019,R_4dbeea2c5613,3/10/2025,0.016005222664141717,0.018181818,0.021978022,2
3003,R_a178ca4329e3,3/10/2025,0.012039440268632656,0.045454545454545456,0.065934066,3
153413,R_e601d0209ffc,3/10/2025,0.020043660853024562,0.11363636363636363,0.098901099,4
243841,R_a0f3ba4c29eb,3/11/2025,0.029170491,0.022727272727272728,0.021978022,1
120349,R_210aac65a0a6,3/11/2025,0.027378958680664787,0.081818182,0.14285714285714285,2
164264,R_c6d5c8ee6c2b,3/11/2025,0.004624117,0.054545455,0.043956044,2
168500,R_d2cc36baa306,3/12/2025,0.003960036,0.018181818,0.043956044,2
168236,R_949c5c00d78d,3/13/2025,0.000585289,0.018181818,0.043956044,4
3004,R_a178ca4329e3,3/13/2025,0.007132117,0.013636363636363636,0.032967033,4
243701,R_6cba0b0742a6,3/13/2025,0.002048946,0.004545455,0.010989011,2
166716,R_2879328207fd,3/13/2025,0.009832543,0.040909091,0.043956044,3
169019,R_d2096194213b,3/15/2025,0.009464138,0.013636363636363636,0.021978022,1
164524,R_19cfd2c295af,3/15/2025,0.012853958597835622,0.009090909,0.021978022,3
164693,R_19cdbd68e43f,3/15/2025,0.007894126,0.027272727,0.065934066,3
164387,R_b575eeef75e2,3/15/2025,0,0.004545455,0.010989011,2
104629,R_10ca8e25ef4b,3/19/2025,0.018139737170117545,0.05,0.12087912087912088,3
253499,R_8f19e6997e93,3/20/2025,0.030987152960073476,0.05,0.065934066,1
25207,R_a9ae7626464a,3/21/2025,0.003328638,0.009090909,0.010989011,3
158446,R_8f58383c9e73,3/22/2025,0.008673252,0.045454545454545456,0.076923077,3
120350,R_210aac65a0a6,3/23/2025,0.012288259,0.045454545454545456,0.087912088,3
156910,R_31bca038efb3,3/24/2025,0.002073012,0.027272727,0.054945054945054944,3
242043,R_9b6999edad0c,3/25/2025,0.00658682,0.018181818,0.043956044,3
162888,R_fbfc44c82661,3/25/2025,0.034822791946421586,0.1590909090909091,0.21978021978021978,1
170456,R_b2e9d7546e7c,3/26/2025,0.037333613,0.068181818,0.12087912087912088,1
170457,R_b2e9d7546e7c,3/27/2025,0.016512153850312974,0.063636364,0.13186813186813187,2
139547,R_679e8a21de06,3/27/2025,0.013190470520042694,0.031818181818181815,0.076923077,1
166717,R_2879328207fd,3/29/2025,0.035454476381730354,0.072727273,0.12087912087912088,4
164388,R_b575eeef75e2,3/31/2025,0.00086075,0.009090909,0.021978022,3
170458,R_b2e9d7546e7c,3/31/2025,0.011727905167484606,0.045454545454545456,0.065934066,3
770,R_b66289c92733,4/1/2025,0.009550595,0.018181818,0.043956044,3
170628,R_b768f0ddf79b,4/2/2025,0.007396951,0.022727272727272728,0.054945054945054944,1
170629,R_b768f0ddf79b,4/2/2025,0.017234145739402858,0.054545455,0.13186813186813187,2
167012,R_d5908663a1f5,4/2/2025,0.12494348893309104,0.1590909090909091,0.12087912087912088,1
164265,R_c6d5c8ee6c2b,4/3/2025,0.003858441,0.013636363636363636,0.021978022,3
37606,R_195a0f61f3ab,4/3/2025,0.015274867117660094,0.018181818,0.043956044,2
257571,R_905bf3e015e7,4/3/2025,0.019816887131914505,0.009090909,0,4
152987,R_9abdde6e1640,4/4/2025,0.049953656,0.095454545,0.1978021978021978,4
167020,R_4dbeea2c5613,4/4/2025,0.14017303527344663,0.2863636363636364,0.46153846153846156,3
253731,R_dda02fa3661f,4/5/2025,0.008179523,0.018181818,0,2
254188,R_fcd73752aabc,4/5/2025,0.014123079571040151,0.013636363636363636,0.032967033,1
163176,R_e5014c6989f7,4/5/2025,0.001806422,0.013636363636363636,0.032967033,3
170459,R_b2e9d7546e7c,4/5/2025,0.013561364201614147,0.031818181818181815,0.054945054945054944,4
169234,R_a06cabaa2389,4/5/2025,0.004020903,0.009090909,0.021978022,2
169233,R_a06cabaa2389,4/5/2025,0.003616004,0.004545455,0.010989011,1
169235,R_a06cabaa2389,4/6/2025,0.0089178,0.027272727,0.054945054945054944,3
164694,R_19cdbd68e43f,4/6/2025,0.013745443,0.027272727,0.065934066,4
37607,R_195a0f61f3ab,4/6/2025,0.005067046,0.054545455,0.043956044,3
253732,R_dda02fa3661f,4/6/2025,0.011819660391519953,0.031818181818181815,0.021978022,3
171294,R_3209e2cf2dba,4/7/2025,0.006007976,0.018181818,0.032967033,1
171295,R_3209e2cf2dba,4/7/2025,0.004830911,0.004545455,0,2
139548,R_679e8a21de06,4/7/2025,0.041560985,0.1,0.23076923076923078,2
243842,R_a0f3ba4c29eb,4/7/2025,0.041176566,0.036363636,0.076923077,2
254190,R_fcd73752aabc,4/7/2025,0.004916283,0.013636363636363636,0.032967033,3
254189,R_fcd73752aabc,4/7/2025,0.003650091,0.013636363636363636,0.032967033,2
25208,R_a9ae7626464a,4/7/2025,0.006566345,0.013636363636363636,0.021978022,4
172479,R_cb0e0b2313a9,4/8/2025,0.012428985128921575,0.018181818,0.021978022,1
139550,R_679e8a21de06,4/8/2025,0.018095109652030924,0.018181818,0.010989011,4
139549,R_679e8a21de06,4/8/2025,0.003944074,0.013636363636363636,0,3
172313,R_2de9af11c8d1,4/8/2025,0.003560407,0.018181818,0.021978022,1
168142,R_d76617e3d3fc,4/8/2025,0.002582541,0.018181818,0.043956044,1
260208,R_ef55b7149026,4/8/2025,0.06079412,0.10454545454545454,0.12087912087912088,1
5126,R_4acd67677428,4/8/2025,0.018800293,0.013636363636363636,0.032967033,1
5127,R_4acd67677428,4/8/2025,0.009302431,0.013636363636363636,0.021978022,2
172337,R_d063e5c9e7ac,4/8/2025,0.082538755,0.10454545454545454,0.12087912087912088,1
167013,R_d5908663a1f5,4/8/2025,0.077075597,0.1318181818181818,0.25274725274725274,2
167021,R_4dbeea2c5613,4/8/2025,0.015150631724805826,0.018181818,0,4
140431,R_0551da2ede69,4/8/2025,0.006052203,0.018181818,0.043956044,2
253500,R_8f19e6997e93,4/8/2025,0.033334323,0.045454545454545456,0.021978022,2
254191,R_fcd73752aabc,4/8/2025,0.007294774,0.013636363636363636,0.032967033,4
169236,R_a06cabaa2389,4/8/2025,0.004434222,0.040909091,0.087912088,4
172314,R_2de9af11c8d1,4/9/2025,0.002815025,0.009090909,0,2
253733,R_dda02fa3661f,4/9/2025,0.002815025,0.009090909,0,4
168501,R_d2cc36baa306,4/9/2025,0.015203392,0.054545455,0.10989010989010989,3
171296,R_3209e2cf2dba,4/10/2025,0.003032967,0.009090909,0.021978022,3
168502,R_d2cc36baa306,4/10/2025,0.009277367,0.022727272727272728,0.043956044,4
104630,R_10ca8e25ef4b,4/10/2025,0.04089518,0.081818182,0.076923077,4
172040,R_3508d5aba457,4/10/2025,0.015544764903131223,0.036363636,0.065934066,1
143444,R_a168bfb4a03d,4/11/2025,0.000574186,0.009090909,0.010989011,1
168948,R_0e22697c1cf8,4/12/2025,0.022000097,0.027272727,0.065934066,1
164525,R_19cfd2c295af,4/13/2025,0.011812825245415852,0.036363636,0.054945054945054944,4
240057,R_3fa49771a62c,4/13/2025,0.000277741,0.004545455,0.010989011,4
156911,R_31bca038efb3,4/13/2025,0.002258661,0.018181818,0.043956044,4
838,R_7baebd8ebb7a,4/13/2025,0.036041419147836304,0.068181818,0.010989011,1
171402,R_bc53c377bcbc,4/13/2025,0.040203299240107154,0.072727273,0.043956044,2
171401,R_bc53c377bcbc,4/13/2025,0.010349243669506236,0.022727272727272728,0.021978022,1
169020,R_d2096194213b,4/13/2025,0.000937014,0.004545455,0.010989011,2
152301,R_84837077fbcc,4/14/2025,0.009751342,0.040909091,0.098901099,1
140432,R_0551da2ede69,4/15/2025,0.00384065,0.013636363636363636,0.021978022,3
253501,R_8f19e6997e93,4/15/2025,0.059637504,0.1318181818181818,0.26373626373626374,3
167025,R_d2ecfff4d20d,4/15/2025,0.003613891,0.018181818,0.032967033,1
172338,R_d063e5c9e7ac,4/15/2025,0.056619101,0.1318181818181818,0.26373626373626374,2
171297,R_3209e2cf2dba,4/15/2025,0.004106275,0.031818181818181815,0.043956044,4
242044,R_9b6999edad0c,4/16/2025,0.012482555412501624,0.022727272727272728,0.043956044,4
172480,R_cb0e0b2313a9,4/16/2025,0.008449563,0.036363636,0.087912088,2
120351,R_210aac65a0a6,4/16/2025,0.027717895618047692,0.081818182,0.15384615384615385,4
167015,R_d5908663a1f5,4/16/2025,0.008709655,0.018181818,0.010989011,4
167014,R_d5908663a1f5,4/16/2025,0.035705219,0.013636363636363636,0.010989011,3
86813,R_3b0f2b05eb5f,4/16/2025,0.010600980290807485,0.031818181818181815,0.010989011,2
253502,R_8f19e6997e93,4/16/2025,0.015290971,0.031818181818181815,0.032967033,4
260209,R_ef55b7149026,4/16/2025,0.003616845,0.009090909,0.021978022,2
173926,R_3bef43e92dbc,4/17/2025,0.005029623,0.013636363636363636,0.032967033,1
172339,R_d063e5c9e7ac,4/17/2025,0.052581142,0.090909091,0.098901099,3
166633,R_9eaff829f730,4/17/2025,0.011667533147883245,0.022727272727272728,0.043956044,2
162889,R_fbfc44c82661,4/17/2025,0.025182413,0.077272727,0.12087912087912088,2
172041,R_3508d5aba457,4/17/2025,0.006088882,0.013636363636363636,0.021978022,2
253357,R_ebe1db19d526,4/17/2025,0.006964064,0.018181818,0.021978022,4
143445,R_a168bfb4a03d,4/17/2025,0.009112149,0.022727272727272728,0.054945054945054944,2
260113,R_dc615c3e8479,4/17/2025,0.021392322880831163,0.063636364,0.076923077,1
839,R_7baebd8ebb7a,4/17/2025,0.10155952698116152,0.1590909090909091,0.021978022,2
244696,R_156f15c7d153,4/17/2025,0.029840717,0.027272727,0.043956044,1
172340,R_d063e5c9e7ac,4/18/2025,0.034028272335941946,0.045454545454545456,0.043956044,4
166028,R_e6c784172e94,4/18/2025,0.003490159,0.027272727,0.065934066,1
171403,R_bc53c377bcbc,4/18/2025,0.096704705,0.18181818181818182,0.054945054945054944,3
171404,R_bc53c377bcbc,4/18/2025,0.007583471,0.018181818,0,4
169021,R_d2096194213b,4/19/2025,0.015455696406586898,0.059090909,0.087912088,3
86814,R_3b0f2b05eb5f,4/19/2025,0.017541633,0.027272727,0.021978022,3
254666,R_dcb241210d92,4/19/2025,0.21632972644575937,0.44545454545454544,0.032967033,1
167026,R_d2ecfff4d20d,4/20/2025,0.011939413264933241,0.031818181818181815,0.076923077,2
156859,R_0ae004f16407,4/21/2025,0.004016346,0.063636364,0.010989011,3
260114,R_dc615c3e8479,4/21/2025,0.048223996563661616,0.20454545454545456,0.12087912087912088,2
156860,R_0ae004f16407,4/21/2025,0.00495278,0.013636363636363636,0.032967033,4
173927,R_3bef43e92dbc,4/21/2025,0.002986257,0.009090909,0.021978022,2
158236,R_7e6e44c34dc8,4/21/2025,0.001328908,0.004545455,0.010989011,2
158235,R_7e6e44c34dc8,4/21/2025,0.003140843,0.013636363636363636,0.010989011,1
140433,R_0551da2ede69,4/21/2025,0.004436313,0.018181818,0.021978022,4
168949,R_0e22697c1cf8,4/22/2025,0.039627557,0.072727273,0.14285714285714285,2
175043,R_087653930bc6,4/22/2025,0.005308169,0.004545455,0,1
840,R_7baebd8ebb7a,4/22/2025,0.014873943340007648,0.004545455,0,3
158237,R_7e6e44c34dc8,4/22/2025,0.000766497,0.004545455,0.010989011,3
841,R_7baebd8ebb7a,4/23/2025,0.004696533,0.009090909,0,4
174839,R_a9f2a796b70b,4/23/2025,0.018524602,0.12727272727272726,0.010989011,2
173928,R_3bef43e92dbc,4/23/2025,0.003515685,0.013636363636363636,0.010989011,3
174838,R_a9f2a796b70b,4/23/2025,0.000592121,0.004545455,0.010989011,1
152302,R_84837077fbcc,4/24/2025,0.010822544823175883,0.022727272727272728,0.043956044,2
172042,R_3508d5aba457,4/24/2025,0.009833656,0.009090909,0.010989011,3
771,R_b66289c92733,4/24/2025,0.007814067,0.013636363636363636,0.032967033,4
172481,R_cb0e0b2313a9,4/24/2025,0.004034635,0.009090909,0.021978022,3
175044,R_087653930bc6,4/24/2025,0.004778939,0.009090909,0.010989011,2
173929,R_3bef43e92dbc,4/26/2025,0.003619286,0.009090909,0.010989011,4
244697,R_156f15c7d153,4/26/2025,0.011227692192127688,0.013636363636363636,0.010989011,2
169022,R_d2096194213b,4/26/2025,0.000265663,0.004545455,0.010989011,4
828,R_c6dfb7e27f97,4/26/2025,0.004201354,0.022727272727272728,0.021978022,1
243702,R_6cba0b0742a6,4/26/2025,0.001053245,0.004545455,0.010989011,3
175045,R_087653930bc6,4/26/2025,0.005867072,0.018181818,0,3
175046,R_087653930bc6,4/28/2025,0.004818179,0.009090909,0.021978022,4
243041,R_875e9abfd4a3,4/28/2025,0.002925429,0.013636363636363636,0,1
172043,R_3508d5aba457,4/28/2025,0.009047501,0.022727272727272728,0.021978022,4
158238,R_7e6e44c34dc8,4/28/2025,0.007212418,0.013636363636363636,0.010989011,4
143446,R_a168bfb4a03d,4/28/2025,0.000896573,0.009090909,0.010989011,3
143447,R_a168bfb4a03d,4/28/2025,0.002277841,0.013636363636363636,0.032967033,4
254667,R_dcb241210d92,4/29/2025,0.15142788707870894,0.31363636363636366,0.032967033,2
172482,R_cb0e0b2313a9,4/29/2025,0.004353824,0.009090909,0.021978022,4
175417,R_47d2fecfd275,4/30/2025,0.043342248906731606,0.068181818,0.16483516483516483,1
174840,R_a9f2a796b70b,5/1/2025,0.024638034,0.045454545454545456,0.087912088,3
167027,R_d2ecfff4d20d,5/2/2025,0.008600326,0.031818181818181815,0.076923077,3
37608,R_195a0f61f3ab,5/3/2025,0.014938310648675969,0.018181818,0.043956044,4
158447,R_8f58383c9e73,5/4/2025,0.003321511,0.018181818,0.043956044,4
168950,R_0e22697c1cf8,5/6/2025,0.082936917,0.095454545,0.15384615384615385,3
36242,R_f630be76e50c,5/6/2025,0.056264486577095534,0.12727272727272726,0.13186813186813187,1
3265,R_9d1fade0c57a,5/6/2025,0.003133376,0.018181818,0.021978022,1
244698,R_156f15c7d153,5/7/2025,0.011274672336877428,0.018181818,0.043956044,3
829,R_c6dfb7e27f97,5/7/2025,0.009459845,0.040909091,0.021978022,2
177048,R_f3f804de099f,5/8/2025,0.005743377,0.031818181818181815,0.032967033,1
5128,R_4acd67677428,5/8/2025,0.014826189195006606,0.013636363636363636,0.032967033,3
168726,R_4057a5722927,5/8/2025,0.005684968,0.009090909,0.021978022,1
245153,R_8a64aab1ebf4,5/8/2025,0.031598454,0.036363636,0.087912088,1
178974,R_b1096821a5e7,5/8/2025,0.044206737583094007,0.095454545,0.076923077,1
3266,R_9d1fade0c57a,5/9/2025,0.006116217,0.018181818,0.010989011,2
251252,R_ae69b938180c,5/9/2025,0.002776873,0.013636363636363636,0.021978022,1
175418,R_47d2fecfd275,5/9/2025,0.062405713614171625,0.1,0.17582417582417584,2
178975,R_b1096821a5e7,5/9/2025,0.003912092,0.018181818,0.010989011,2
179657,R_8cd0a0588527,5/10/2025,0.003614759,0.013636363636363636,0.021978022,1
179658,R_8cd0a0588527,5/10/2025,0.004328571,0.018181818,0.010989011,2
179335,R_cbfb25b5f680,5/10/2025,0.003678383,0.018181818,0.043956044,1
260115,R_dc615c3e8479,5/10/2025,0.069624341,0.33636363636363636,0.15384615384615385,3
245154,R_8a64aab1ebf4,5/10/2025,0.010369804791289858,0.018181818,0.043956044,2
168143,R_d76617e3d3fc,5/10/2025,0.004780821,0.013636363636363636,0.032967033,2
164266,R_c6d5c8ee6c2b,5/11/2025,0.006230173,0.013636363636363636,0.032967033,4
179659,R_8cd0a0588527,5/11/2025,0.00561663,0.013636363636363636,0.032967033,3
167028,R_d2ecfff4d20d,5/12/2025,0.029540075965062074,0.045454545454545456,0.10989010989010989,4
177737,R_ca0aa22e814b,5/13/2025,0.005471015,0.018181818,0.043956044,1
177738,R_ca0aa22e814b,5/13/2025,0.00616401,0.027272727,0.043956044,2
179660,R_8cd0a0588527,5/13/2025,0.007958989,0.022727272727272728,0.032967033,4
3267,R_9d1fade0c57a,5/13/2025,0.008003266,0.022727272727272728,0.043956044,3
166029,R_e6c784172e94,5/13/2025,0.007800876,0.009090909,0.010989011,2
243843,R_a0f3ba4c29eb,5/14/2025,0.042832308028935694,0.031818181818181815,0.032967033,3
830,R_c6dfb7e27f97,5/14/2025,0.038758631,0.031818181818181815,0.043956044,3
254668,R_dcb241210d92,5/15/2025,0.15142788707870894,0.31363636363636366,0.032967033,3
171123,R_1fc796f41fc9,5/15/2025,0.006622758,0.022727272727272728,0.032967033,1
160768,R_cf872fa2d813,5/17/2025,0.009900549,0.018181818,0.032967033,1
86815,R_3b0f2b05eb5f,5/17/2025,0.007583476,0.013636363636363636,0,4
180959,R_04a49dd3a12d,5/17/2025,0.018210386,0.027272727,0.065934066,1
177739,R_ca0aa22e814b,5/17/2025,0.003082888,0.009090909,0.021978022,3
177049,R_f3f804de099f,5/17/2025,0.027507871,0.14545454545454545,0.13186813186813187,2
177050,R_f3f804de099f,5/18/2025,0.013307219270178458,0.031818181818181815,0.076923077,3
172112,R_dadf05d6b9a0,5/18/2025,0.04982324,0.11818181818181818,0.15384615384615385,1
260116,R_dc615c3e8479,5/18/2025,0.010434236135950193,0.027272727,0.032967033,4
10573,R_ddca17c61a00,5/18/2025,0.057104797,0.12272727272727273,0.14285714285714285,1
181139,R_fbf716c44316,5/18/2025,0.006349171,0.022727272727272728,0.054945054945054944,1
178976,R_b1096821a5e7,5/19/2025,0.005398746,0.027272727,0,3
179336,R_cbfb25b5f680,5/19/2025,0.005752896,0.027272727,0.043956044,2
174932,R_d63116b08875,5/19/2025,0.006340295,0.013636363636363636,0.032967033,1
178977,R_b1096821a5e7,5/20/2025,0.014402529856015629,0.022727272727272728,0.032967033,4
176707,R_22cda3f97eb2,5/20/2025,0.005590247,0.022727272727272728,0.054945054945054944,1
181140,R_fbf716c44316,5/20/2025,0.008267656,0.031818181818181815,0.076923077,2
243703,R_6cba0b0742a6,5/20/2025,0.004020959,0.013636363636363636,0.032967033,4
177051,R_f3f804de099f,5/21/2025,0.014565504239864795,0.05,0.12087912087912088,4
172113,R_dadf05d6b9a0,5/22/2025,0.030374481646045733,0.040909091,0.098901099,2
170630,R_b768f0ddf79b,5/22/2025,0.009540644,0.054545455,0.054945054945054944,3
168144,R_d76617e3d3fc,5/22/2025,0.003783987,0.013636363636363636,0.032967033,3
175419,R_47d2fecfd275,5/22/2025,0.046366198,0.072727273,0.14285714285714285,3
166634,R_9eaff829f730,5/22/2025,0.008787027,0.013636363636363636,0.032967033,3
176708,R_22cda3f97eb2,5/23/2025,0.010963326559531854,0.018181818,0.043956044,2
176254,R_98a5685dbc34,5/23/2025,0.008132309,0.018181818,0.032967033,1
244942,R_363ef8dc98d5,5/23/2025,0.011175595,0.018181818,0.043956044,1
175420,R_47d2fecfd275,5/23/2025,0.007429241,0.022727272727272728,0.043956044,4
171124,R_1fc796f41fc9,5/23/2025,0.006550757,0.009090909,0.021978022,2
831,R_c6dfb7e27f97,5/24/2025,0.020666945436685236,0.063636364,0.010989011,4
117621,R_381fecb292cd,5/24/2025,0.016858772322563994,0.040909091,0.065934066,1
85886,R_d6243f478a62,5/24/2025,0.006268386,0.027272727,0.065934066,2
182174,R_8ddbd2ee1f30,5/24/2025,0.011612570777520282,0.022727272727272728,0.043956044,1
177740,R_ca0aa22e814b,5/24/2025,0.004742383,0.013636363636363636,0.032967033,4
170631,R_b768f0ddf79b,5/24/2025,0.008369421,0.027272727,0.032967033,4
181617,R_5f33b67d4afb,5/24/2025,0.005126123,0.059090909,0.021978022,1
182667,R_439d4e7c6ef4,5/24/2025,0.011629362128295776,0.027272727,0.065934066,1
174933,R_d63116b08875,5/24/2025,0.007433434,0.022727272727272728,0.054945054945054944,2
172114,R_dadf05d6b9a0,5/25/2025,0.02142872,0.090909091,0.12087912087912088,3
171125,R_1fc796f41fc9,5/25/2025,0.007769846,0.022727272727272728,0.043956044,3
251253,R_ae69b938180c,5/25/2025,0.005751975,0.018181818,0.032967033,2
172115,R_dadf05d6b9a0,5/26/2025,0.003825571,0.013636363636363636,0.032967033,4
245155,R_8a64aab1ebf4,5/26/2025,0.006471514,0.013636363636363636,0.032967033,3
260210,R_ef55b7149026,5/27/2025,0.09441815,0.10909090909090909,0.087912088,3
181216,R_52be8a2bdd1b,5/27/2025,0.017950825425329147,0.059090909,0.087912088,1
182668,R_439d4e7c6ef4,5/27/2025,0.008671428,0.013636363636363636,0.032967033,2
10574,R_ddca17c61a00,5/27/2025,0.025137935614928303,0.040909091,0.043956044,2
181341,R_2d3733d53d93,5/28/2025,0.005331353,0.013636363636363636,0.032967033,1
166030,R_e6c784172e94,5/28/2025,0.009492281,0.077272727,0.021978022,3
182175,R_8ddbd2ee1f30,5/28/2025,0.070088334,0.086363636,0.18681318681318682,2
171126,R_1fc796f41fc9,5/28/2025,0.007195137,0,0,4
174934,R_d63116b08875,5/29/2025,0.006282262,0.022727272727272728,0.054945054945054944,3
244335,R_82c9c948262a,5/29/2025,0.009172574,0.013636363636363636,0.032967033,1
5129,R_4acd67677428,5/29/2025,0.006903907,0.009090909,0.021978022,4
182176,R_8ddbd2ee1f30,5/30/2025,0.005359434,0.013636363636363636,0.032967033,3
254891,R_2f4444d04c77,5/30/2025,0.005189051,0.027272727,0.065934066,1
254885,R_bf0703d438aa,5/30/2025,0.006748745,0.018181818,0.032967033,1
168145,R_d76617e3d3fc,5/31/2025,0.003765472,0.022727272727272728,0.054945054945054944,4
180960,R_04a49dd3a12d,5/31/2025,0.011875911834243892,0.063636364,0.098901099,2
182669,R_439d4e7c6ef4,5/31/2025,0.00635055,0.027272727,0.065934066,3
183789,R_d7998c6aa4cb,5/31/2025,0.015815921135054107,0.027272727,0.065934066,1
183673,R_dad8a3d0290e,5/31/2025,0.015773401,0.036363636,0.087912088,1
243844,R_a0f3ba4c29eb,6/1/2025,0.077187779,0.077272727,0.14285714285714285,4
183674,R_dad8a3d0290e,6/1/2025,0.008207975,0.027272727,0.065934066,2
42121,R_ed30db050223,6/1/2025,0.008311226,0.05,0.021978022,1
103049,R_924654cf7735,6/1/2025,0.006250779,0.022727272727272728,0.054945054945054944,1
179337,R_cbfb25b5f680,6/1/2025,0.005001587,0.027272727,0.065934066,3
166031,R_e6c784172e94,6/1/2025,0.011190089143947647,0.081818182,0.043956044,4
254669,R_dcb241210d92,6/1/2025,0.21856772033065625,0.45,0.032967033,4
176709,R_22cda3f97eb2,6/1/2025,0.007488898,0.013636363636363636,0.032967033,3
181342,R_2d3733d53d93,6/1/2025,0.003281575,0.013636363636363636,0.032967033,2
184303,R_3808e9ab5fcc,6/2/2025,0.003720254,0.013636363636363636,0.032967033,1
166635,R_9eaff829f730,6/2/2025,0.029289611711080406,0.045454545454545456,0.054945054945054944,4
117623,R_381fecb292cd,6/2/2025,0.007226281,0.022727272727272728,0.054945054945054944,3
117622,R_381fecb292cd,6/2/2025,0.009391733,0.027272727,0.065934066,2
184612,R_eb67a42b5269,6/3/2025,0.004436926,0.013636363636363636,0.032967033,1
184305,R_3808e9ab5fcc,6/3/2025,0.003748712,0.018181818,0.043956044,3
184304,R_3808e9ab5fcc,6/3/2025,0.003620303,0.009090909,0.021978022,2
184306,R_3808e9ab5fcc,6/4/2025,0.003509685,0.018181818,0.032967033,4
251254,R_ae69b938180c,6/5/2025,0.007014388,0.022727272727272728,0.032967033,3
117624,R_381fecb292cd,6/5/2025,0.011237219634069944,0.013636363636363636,0,4
176255,R_98a5685dbc34,6/6/2025,0.015354455503212783,0.018181818,0,2
183790,R_d7998c6aa4cb,6/6/2025,0.029391657240615043,0.081818182,0.1978021978021978,2
180318,R_cf0cea195a54,6/7/2025,0.006986897,0.018181818,0.032967033,1
103050,R_924654cf7735,6/7/2025,0.006631857,0.022727272727272728,0.054945054945054944,2
182670,R_439d4e7c6ef4,6/7/2025,0.008739036,0.013636363636363636,0.032967033,4
26957,R_0da7048aa5bd,6/7/2025,0.010274405084056845,0.031818181818181815,0.076923077,1
185319,R_02594d5e71d2,6/7/2025,0.00317432,0.004545455,0.010989011,1
183811,R_ac3cf96beb4b,6/8/2025,0.006445905,0.013636363636363636,0.032967033,1
185361,R_fc86921835f8,6/8/2025,0.005930223,0.05,0.065934066,1
258505,R_fa61a73f5a74,6/8/2025,0.012798965601563435,0.027272727,0.043956044,1
3268,R_9d1fade0c57a,6/8/2025,0.012433367418114185,0.022727272727272728,0.043956044,4
171255,R_6f839b4f38b0,6/9/2025,0.006810815,0.018181818,0.043956044,1
244336,R_82c9c948262a,6/9/2025,0.013819159184594632,0.018181818,0.043956044,2
183783,R_7cfac7530fd2,6/10/2025,0.003323986,0.004545455,0.010989011,1
134394,R_1c858cf89105,6/10/2025,0.012594694,0.027272727,0.065934066,1
103051,R_924654cf7735,6/10/2025,0.006693326,0.013636363636363636,0.032967033,3
251255,R_ae69b938180c,6/10/2025,0.006732842,0.027272727,0.010989011,4
181343,R_2d3733d53d93,6/11/2025,0.005608036,0.018181818,0.043956044,3
244337,R_82c9c948262a,6/11/2025,0.010683931958027693,0.018181818,0.043956044,3
244699,R_156f15c7d153,6/12/2025,0.005915166,0.018181818,0.032967033,4
185688,R_0a8b6cf10d4a,6/12/2025,0.023124605047578604,0.040909091,0.098901099,1
185689,R_0a8b6cf10d4a,6/12/2025,0.025278864912483264,0.040909091,0,2
185690,R_0a8b6cf10d4a,6/12/2025,0.032212047336184865,0.05,0.010989011,3
244338,R_82c9c948262a,6/13/2025,0.007091126,0.018181818,0.043956044,4
184078,R_6a3e6d6b3e96,6/13/2025,0.010727637914664022,0.013636363636363636,0.032967033,1
160769,R_cf872fa2d813,6/14/2025,0.044260547305600716,0.045454545454545456,0.076923077,2
258506,R_fa61a73f5a74,6/15/2025,0.019361660833034196,0.036363636,0.076923077,2
179338,R_cbfb25b5f680,6/16/2025,0.0043846,0.009090909,0.021978022,4
181344,R_2d3733d53d93,6/16/2025,0.005787339,0.018181818,0.043956044,4
47086,R_8239d80126fe,6/16/2025,0.00910746,0.013636363636363636,0.032967033,1
160770,R_cf872fa2d813,6/16/2025,0.032422547562802675,0.040909091,0.087912088,3
182177,R_8ddbd2ee1f30,6/17/2025,0.039217201,0.081818182,0.17582417582417584,4
1023,R_21ab756f87a8,6/18/2025,0.006633071,0.013636363636363636,0.021978022,1
103052,R_924654cf7735,6/18/2025,0.00586499,0.018181818,0.043956044,4
184613,R_eb67a42b5269,6/18/2025,0.021070311,0.11818181818181818,0.065934066,2
176256,R_98a5685dbc34,6/19/2025,0.072078684,0.13636363636363635,0.065934066,3
47087,R_8239d80126fe,6/20/2025,0.005856256,0.031818181818181815,0.054945054945054944,2
254892,R_2f4444d04c77,6/20/2025,0.007506886,0.027272727,0.043956044,2
184079,R_6a3e6d6b3e96,6/20/2025,0.015561430966096256,0.022727272727272728,0.043956044,2
186096,R_f13248f1a7b4,6/21/2025,0.024720306795880904,0.068181818,0.13186813186813187,1
176710,R_22cda3f97eb2,6/21/2025,0.006048598,0.027272727,0.054945054945054944,4
173813,R_fd2a24dd655b,6/21/2025,0.037944652,0.090909091,0.17582417582417584,1
171256,R_6f839b4f38b0,6/21/2025,0.012515369682148444,0.040909091,0.087912088,2
163177,R_e5014c6989f7,6/22/2025,0.00513839,0.022727272727272728,0.043956044,4
185320,R_02594d5e71d2,6/22/2025,0.011950366,0.031818181818181815,0.076923077,2
47088,R_8239d80126fe,6/22/2025,0.010155818779367637,0.009090909,0.010989011,3
183675,R_dad8a3d0290e,6/22/2025,0.007947763,0.036363636,0.065934066,3
181217,R_52be8a2bdd1b,6/23/2025,0.052945548,0.19545454545454546,0.3076923076923077,2
162890,R_fbfc44c82661,6/23/2025,0.005530379,0.022727272727272728,0.054945054945054944,3
180961,R_04a49dd3a12d,6/25/2025,0.024245555,0.036363636,0.087912088,3
174841,R_a9f2a796b70b,6/25/2025,0.008617518,0.054545455,0.054945054945054944,4
164389,R_b575eeef75e2,6/25/2025,0.004141272,0.018181818,0.032967033,4
171257,R_6f839b4f38b0,6/25/2025,0.019315192976220568,0.081818182,0.098901099,3
244943,R_363ef8dc98d5,6/27/2025,0.007277365,0.027272727,0.043956044,2
183784,R_7cfac7530fd2,6/27/2025,0.019508665197309788,0.022727272727272728,0.054945054945054944,2
181618,R_5f33b67d4afb,6/28/2025,0.005126123,0.059090909,0.043956044,2
183791,R_d7998c6aa4cb,6/28/2025,0.008263962,0.059090909,0.087912088,3
160771,R_cf872fa2d813,6/28/2025,0.019753633492672514,0.031818181818181815,0.065934066,4
26958,R_0da7048aa5bd,6/28/2025,0.006479393,0.004545455,0,2
185713,R_991544d54918,6/28/2025,0.009788316,0.013636363636363636,0.032967033,1
185435,R_d6ad4dcd4a78,6/28/2025,0.003550601,0.009090909,0.021978022,1
176257,R_98a5685dbc34,6/29/2025,0.016303596976844113,0.022727272727272728,0.010989011,4
185321,R_02594d5e71d2,6/30/2025,0.032618562,0.045454545454545456,0.10989010989010989,3
184080,R_6a3e6d6b3e96,6/30/2025,0.007797407,0.022727272727272728,0.021978022,3
181142,R_fbf716c44316,7/1/2025,0.019500588309795328,0.031818181818181815,0.076923077,4
181141,R_fbf716c44316,7/1/2025,0.013194390636423378,0.018181818,0.043956044,3
185362,R_fc86921835f8,7/1/2025,0.008475988,0.022727272727272728,0.054945054945054944,2
183676,R_dad8a3d0290e,7/1/2025,0.011524705043956394,0.031818181818181815,0.032967033,4
184081,R_6a3e6d6b3e96,7/1/2025,0.005414747,0.013636363636363636,0,4
187178,R_9e46e85949e2,7/2/2025,0.029113348466801556,0.068181818,0.16483516483516483,1
181218,R_52be8a2bdd1b,7/2/2025,0.008617518,0.054545455,0.021978022,3
181219,R_52be8a2bdd1b,7/2/2025,0.006757537,0.009090909,0.021978022,4
173814,R_fd2a24dd655b,7/3/2025,0.012873912769781894,0.090909091,0.054945054945054944,2
26959,R_0da7048aa5bd,7/5/2025,0.017779660002849324,0.022727272727272728,0.054945054945054944,3
244944,R_363ef8dc98d5,7/6/2025,0.037380119,0.054545455,0.10989010989010989,3
185363,R_fc86921835f8,7/7/2025,0.004928383,0.036363636,0.043956044,3
185436,R_d6ad4dcd4a78,7/7/2025,0.012533049184291437,0.022727272727272728,0.054945054945054944,2
170191,R_2d455f6343d2,7/7/2025,0.012605159,0.022727272727272728,0.054945054945054944,1
187179,R_9e46e85949e2,7/7/2025,0.017316175845172775,0.036363636,0.087912088,2
134395,R_1c858cf89105,7/7/2025,0.009183496,0.018181818,0.043956044,2
180962,R_04a49dd3a12d,7/7/2025,0.027183765840311888,0.040909091,0.043956044,4
42122,R_ed30db050223,7/9/2025,0.011039660246186092,0.059090909,0.054945054945054944,2
113097,R_2e0db57dad5d,7/9/2025,0.008902707,0.018181818,0.043956044,1
162911,R_e9ad43eb914d,7/9/2025,0.008802173,0.018181818,0.043956044,1
183792,R_d7998c6aa4cb,7/9/2025,0.004630022,0.018181818,0.043956044,4
183812,R_ac3cf96beb4b,7/10/2025,0.012700313979605539,0.036363636,0.087912088,2
187180,R_9e46e85949e2,7/10/2025,0.047318848,0.11363636363636363,0.14285714285714285,3
187181,R_9e46e85949e2,7/10/2025,0.013664849148882318,0.027272727,0.065934066,4
152303,R_84837077fbcc,7/10/2025,0.018567439,0.022727272727272728,0.054945054945054944,3
254886,R_bf0703d438aa,7/10/2025,0.008540394,0.018181818,0.043956044,2
170192,R_2d455f6343d2,7/10/2025,0.009679525,0.018181818,0.043956044,2
188371,R_ef375ef7b927,7/11/2025,0.016725939401738454,0.022727272727272728,0.054945054945054944,1
1024,R_21ab756f87a8,7/11/2025,0.011084485440595884,0.013636363636363636,0.032967033,2
162912,R_e9ad43eb914d,7/12/2025,0.016655235314034313,0.040909091,0.098901099,2
168727,R_4057a5722927,7/12/2025,0.010007728587401375,0.018181818,0.021978022,2
185364,R_fc86921835f8,7/12/2025,0.005375343,0.018181818,0.021978022,4
188372,R_ef375ef7b927,7/14/2025,0.010311203506076361,0.013636363636363636,0.021978022,2
183813,R_ac3cf96beb4b,7/14/2025,0.015238834343371178,0.022727272727272728,0.054945054945054944,3
188984,R_4a03f574a843,7/14/2025,0.016421904864176738,0.022727272727272728,0.054945054945054944,2
189008,R_7252efa84c7c,7/14/2025,0.0033519,0.013636363636363636,0.032967033,1
188983,R_4a03f574a843,7/14/2025,0.015329019,0.022727272727272728,0.054945054945054944,1
181619,R_5f33b67d4afb,7/15/2025,0.012397086852377911,0.018181818,0.032967033,3
162913,R_e9ad43eb914d,7/15/2025,0.013790064570831756,0.022727272727272728,0.054945054945054944,3
185691,R_0a8b6cf10d4a,7/15/2025,0.066372766,0.077272727,0.054945054945054944,4
247242,R_1747b05852aa,7/16/2025,0.043230698,0.068181818,0.14285714285714285,1
188985,R_4a03f574a843,7/16/2025,0.021820487012651647,0.086363636,0.065934066,3
187315,R_873c6dd63fdb,7/17/2025,0.069846643,0.12272727272727273,0.23076923076923078,1
180319,R_cf0cea195a54,7/19/2025,0.011021154,0.018181818,0.043956044,2
185437,R_d6ad4dcd4a78,7/19/2025,0.008880695,0.013636363636363636,0.010989011,3
254893,R_2f4444d04c77,7/20/2025,0.011778844,0.036363636,0.076923077,3
162914,R_e9ad43eb914d,7/20/2025,0.013675284231407032,0.027272727,0.065934066,4
187316,R_873c6dd63fdb,7/20/2025,0.053825366777976995,0.068181818,0.032967033,2
168728,R_4057a5722927,7/21/2025,0.008880692,0.018181818,0.043956044,3
188986,R_4a03f574a843,7/21/2025,0.032181313,0.063636364,0.15384615384615385,4
244945,R_363ef8dc98d5,7/21/2025,0.013982356302329064,0.045454545454545456,0.043956044,4
85887,R_d6243f478a62,7/22/2025,0.010028368,0.036363636,0.043956044,3
185322,R_02594d5e71d2,7/23/2025,0.02066897,0.040909091,0.087912088,4
170193,R_2d455f6343d2,7/24/2025,0.010055577394303654,0.022727272727272728,0.054945054945054944,3
190478,R_f7ef2a089b53,7/25/2025,0.011241972218346807,0.036363636,0.054945054945054944,1
8814,R_585195c95fdf,7/26/2025,0.008594722,0.013636363636363636,0.021978022,1
173815,R_fd2a24dd655b,7/26/2025,0.037494131,0.18181818181818182,0.14285714285714285,3
185714,R_991544d54918,7/27/2025,0.011715326271314205,0.013636363636363636,0.032967033,2
188373,R_ef375ef7b927,7/27/2025,0.009625409,0.018181818,0.043956044,3
183785,R_7cfac7530fd2,7/27/2025,0.004428944,0.009090909,0.021978022,3
152788,R_51a95d87fad5,7/28/2025,0.00645556,0.013636363636363636,0.032967033,1
163020,R_7d557362dce1,7/28/2025,0.007571037,0.013636363636363636,0.032967033,1
180320,R_cf0cea195a54,7/28/2025,0.009370373,0.013636363636363636,0.032967033,3
26960,R_0da7048aa5bd,7/29/2025,0.012026836314900164,0.045454545454545456,0.065934066,4
152304,R_84837077fbcc,7/29/2025,0.017959328,0.018181818,0.021978022,4
1025,R_21ab756f87a8,7/30/2025,0.01986269,0.040909091,0.087912088,3
190479,R_f7ef2a089b53,7/30/2025,0.009157041,0.022727272727272728,0.054945054945054944,2
261282,R_4915df311c71,7/30/2025,0.009778485,0.045454545454545456,0.043956044,1
190764,R_f9209b8ef81b,7/31/2025,0.00687041,0.022727272727272728,0.032967033,1
185715,R_991544d54918,7/31/2025,0.026524534791742844,0.054545455,0.076923077,3
258507,R_fa61a73f5a74,7/31/2025,0.029713028826971157,0.11818181818181818,0.087912088,3
10575,R_ddca17c61a00,8/1/2025,0.068888564,0.10909090909090909,0.13186813186813187,3
254894,R_2f4444d04c77,8/5/2025,0.003677977,0.013636363636363636,0.021978022,4
191312,R_5bc80577eb1b,8/6/2025,0.005017735,0.018181818,0.043956044,1
187317,R_873c6dd63fdb,8/6/2025,0.040183133470969884,0.10454545454545454,0.14285714285714285,3
260211,R_ef55b7149026,8/6/2025,0.069158262,0.086363636,0.087912088,4
170194,R_2d455f6343d2,8/6/2025,0.014013157614487792,0.036363636,0.087912088,4
168729,R_4057a5722927,8/7/2025,0.011703833202834479,0.013636363636363636,0.032967033,4
113098,R_2e0db57dad5d,8/7/2025,0.029711406,0.077272727,0.098901099,2
174935,R_d63116b08875,8/7/2025,0.009655809,0.022727272727272728,0.021978022,4
134396,R_1c858cf89105,8/8/2025,0.010842036822310228,0.018181818,0.043956044,3
190765,R_f9209b8ef81b,8/9/2025,0.004429915,0.013636363636363636,0.010989011,2
243042,R_875e9abfd4a3,8/10/2025,0.1577579618245814,0.16818181818181818,0.065934066,2
191314,R_5bc80577eb1b,8/10/2025,0.003260991,0.009090909,0.021978022,3
191313,R_5bc80577eb1b,8/10/2025,0.004741211,0.013636363636363636,0.021978022,2
1026,R_21ab756f87a8,8/10/2025,0.032973519,0.072727273,0.14285714285714285,4
172315,R_2de9af11c8d1,8/13/2025,0.089571508,0.1318181818181818,0.010989011,3
190892,R_002acad30d17,8/13/2025,0.2854957865570133,0.5409090909090909,0.8681318681318682,1
186098,R_f13248f1a7b4,8/13/2025,0.005958251,0.009090909,0.021978022,3
192045,R_8c4bd0d6f67a,8/13/2025,0.010203734406435495,0.009090909,0,1
186097,R_f13248f1a7b4,8/13/2025,0.079317129,0.20454545454545456,0.4945054945054945,2
192057,R_06cda6a00e22,8/14/2025,0.010955077053256313,0.022727272727272728,0.054945054945054944,1
172316,R_2de9af11c8d1,8/14/2025,0.008179534,0.013636363636363636,0,4
173816,R_fd2a24dd655b,8/16/2025,0.018644959,0.11363636363636363,0.054945054945054944,4
243043,R_875e9abfd4a3,8/16/2025,0.00934722,0.013636363636363636,0,3
94160,R_b04e869971a1,8/16/2025,0.028424084537977953,0.027272727,0.032967033,1
10576,R_ddca17c61a00,8/17/2025,0.017837381489216018,0.054545455,0.054945054945054944,4
185509,R_6b805a8bab3f,8/17/2025,0.019240048131678938,0.036363636,0.043956044,1
189009,R_7252efa84c7c,8/17/2025,0.007922569,0.013636363636363636,0.032967033,2
258508,R_fa61a73f5a74,8/18/2025,0.009541839,0.031818181818181815,0.032967033,4
189784,R_a54158c4f017,8/18/2025,0.010614077043261129,0.036363636,0.054945054945054944,1
191453,R_1fcb812a8523,8/19/2025,0.008563826,0.018181818,0.043956044,1
152789,R_51a95d87fad5,8/20/2025,0.006576694,0.022727272727272728,0.043956044,2
255573,R_2914b97d5f76,8/20/2025,0.079169869,0.1318181818181818,0.076923077,1
171258,R_6f839b4f38b0,8/21/2025,0.010689951341277008,0.022727272727272728,0.043956044,4
192058,R_06cda6a00e22,8/21/2025,0.012853424036510984,0.022727272727272728,0.054945054945054944,2
192437,R_152fde9d3600,8/22/2025,0.095504498,0.1590909090909091,0.37362637362637363,1
192438,R_152fde9d3600,8/23/2025,0.008379304,0.022727272727272728,0.054945054945054944,2
113099,R_2e0db57dad5d,8/23/2025,0.032821179965610445,0.081818182,0.12087912087912088,3
152790,R_51a95d87fad5,8/24/2025,0.005856796,0.027272727,0.043956044,3
190672,R_41438a77931a,8/25/2025,0.059597465,0.17727272727272728,0.32967032967032966,1
190893,R_002acad30d17,8/25/2025,0.10786718356148198,0.22272727272727272,0.4835164835164835,2
192059,R_06cda6a00e22,8/25/2025,0.009208674,0.022727272727272728,0.054945054945054944,3
245156,R_8a64aab1ebf4,8/25/2025,0.01414579,0.013636363636363636,0.032967033,4
192439,R_152fde9d3600,8/25/2025,0.038183047217272816,0.1,0.1978021978021978,3
186099,R_f13248f1a7b4,8/26/2025,0.019850634099705878,0.05,0.12087912087912088,4
192440,R_152fde9d3600,8/26/2025,0.061529092,0.15,0.17582417582417584,4
188354,R_51b9eb1075e5,8/26/2025,0.025916240198560578,0.036363636,0.087912088,1
103284,R_e30b882475f2,8/26/2025,0.008963034,0.027272727,0.065934066,1
192060,R_06cda6a00e22,8/27/2025,0.009528269,0.013636363636363636,0.021978022,4
186858,R_8740f73829d8,8/28/2025,0.009779513,0.018181818,0.043956044,1
168257,R_7f86bb05e8b3,8/28/2025,0.017106909007444628,0.027272727,0.065934066,1
163021,R_7d557362dce1,8/28/2025,0.010350103979138076,0.05,0.076923077,2
103285,R_e30b882475f2,8/29/2025,0.008776534,0.022727272727272728,0.054945054945054944,2
189785,R_a54158c4f017,8/29/2025,0.019854924511170814,0.036363636,0.076923077,2
169620,R_52396c335050,8/29/2025,0.013759263258673028,0.009090909,0,1
186859,R_8740f73829d8,8/30/2025,0.010066572095715098,0.009090909,0.010989011,2
188355,R_51b9eb1075e5,8/30/2025,0.014814325831442625,0.022727272727272728,0.054945054945054944,2
169621,R_52396c335050,8/30/2025,0.03335306,0.027272727,0.032967033,2
190894,R_002acad30d17,8/31/2025,0.1760837486090617,0.35454545454545455,0.7582417582417582,3
183814,R_ac3cf96beb4b,8/31/2025,0.037557880532281644,0.081818182,0.15384615384615385,4
168258,R_7f86bb05e8b3,8/31/2025,0.027114579,0.031818181818181815,0.076923077,2
103286,R_e30b882475f2,9/1/2025,0.009168618,0.022727272727272728,0.054945054945054944,3
190766,R_f9209b8ef81b,9/2/2025,0.008754294,0.018181818,0.010989011,3
188356,R_51b9eb1075e5,9/2/2025,0.054314921936923936,0.068181818,0.16483516483516483,3
188357,R_51b9eb1075e5,9/3/2025,0.021890662,0.018181818,0.043956044,4
152791,R_51a95d87fad5,9/3/2025,0.007400492,0.027272727,0.065934066,4
248118,R_d4cbddaf4366,9/3/2025,0.096726307,0.10454545454545454,0.065934066,1
191454,R_1fcb812a8523,9/4/2025,0.008397516,0.027272727,0.065934066,2
188374,R_ef375ef7b927,9/4/2025,0.023174361,0.036363636,0.087912088,4
185716,R_991544d54918,9/6/2025,0.020526445,0.1,0.098901099,4
248120,R_d4cbddaf4366,9/6/2025,0.041060382014784465,0.036363636,0.021978022,3
248119,R_d4cbddaf4366,9/6/2025,0.056650824,0.072727273,0.043956044,2
255574,R_2914b97d5f76,9/6/2025,0.13066261855254657,0.20454545454545456,0.065934066,2
184614,R_eb67a42b5269,9/7/2025,0.011169285799063799,0.086363636,0.032967033,3
134397,R_1c858cf89105,9/7/2025,0.026327780030019517,0.077272727,0.098901099,4
186860,R_8740f73829d8,9/8/2025,0.00945051,0.022727272727272728,0.054945054945054944,3
163022,R_7d557362dce1,9/10/2025,0.022335208316460083,0.040909091,0.087912088,3
254887,R_bf0703d438aa,9/10/2025,0.050313922529980744,0.068181818,0.14285714285714285,3
191455,R_1fcb812a8523,9/11/2025,0.010923897093492632,0.031818181818181815,0.076923077,3
42123,R_ed30db050223,9/11/2025,0.010608277609723514,0.018181818,0.021978022,3
186861,R_8740f73829d8,9/12/2025,0.012084421376762135,0.045454545454545456,0.065934066,4
8815,R_585195c95fdf,9/13/2025,0.011546120907024723,0.018181818,0.021978022,2
185510,R_6b805a8bab3f,9/13/2025,0.0312384,0.054545455,0.043956044,2
168951,R_0e22697c1cf8,9/14/2025,0.032005662,0.05,0.10989010989010989,4
261283,R_4915df311c71,9/14/2025,0.045430782786267825,0.10454545454545454,0.087912088,2
167851,R_975dda7c1571,9/15/2025,0.018011832236503517,0.05,0.087912088,1
168259,R_7f86bb05e8b3,9/15/2025,0.016789994882967403,0.022727272727272728,0.054945054945054944,3
193317,R_9d435e2d43b1,9/15/2025,0.012179500904035077,0.031818181818181815,0.065934066,1
243044,R_875e9abfd4a3,9/16/2025,0.03142206,0.16818181818181818,0.021978022,4
180321,R_cf0cea195a54,9/16/2025,0.041141640904476647,0.045454545454545456,0.098901099,4
184615,R_eb67a42b5269,9/17/2025,0.008272562,0.031818181818181815,0.054945054945054944,4
103287,R_e30b882475f2,9/17/2025,0.009261718,0.018181818,0.043956044,4
191068,R_c97407999904,9/17/2025,0.014411895815891066,0.022727272727272728,0.054945054945054944,1
191456,R_1fcb812a8523,9/19/2025,0.008920086,0.018181818,0.043956044,4
189786,R_a54158c4f017,9/20/2025,0.005995812,0.022727272727272728,0.054945054945054944,3
254888,R_bf0703d438aa,9/20/2025,0.008614988,0.031818181818181815,0.065934066,4
190895,R_002acad30d17,9/20/2025,0.092939005,0.23636363636363636,0.5054945054945055,4
181620,R_5f33b67d4afb,9/20/2025,0.009086042,0.031818181818181815,0.043956044,4
167852,R_975dda7c1571,9/21/2025,0.023997630000093827,0.054545455,0.12087912087912088,2
189010,R_7252efa84c7c,9/22/2025,0.005641855,0.013636363636363636,0.032967033,3
168260,R_7f86bb05e8b3,9/23/2025,0.038104044,0.054545455,0.065934066,4
190673,R_41438a77931a,9/24/2025,0.045231021,0.1318181818181818,0.21978021978021978,2
255575,R_2914b97d5f76,9/24/2025,0.1334315209263636,0.21363636363636362,0.14285714285714285,3
42124,R_ed30db050223,9/24/2025,0.016649806175580956,0.036363636,0.065934066,4
185511,R_6b805a8bab3f,9/25/2025,0.030180580662227376,0.086363636,0.054945054945054944,3
248260,R_0d5ff1a0cb70,9/26/2025,0.007014497,0.05,0.032967033,1
191069,R_c97407999904,9/26/2025,0.009903932,0.022727272727272728,0.054945054945054944,2
192046,R_8c4bd0d6f67a,9/26/2025,0.5092835511220624,0.45,0,2
185438,R_d6ad4dcd4a78,9/27/2025,0.006196373,0.009090909,0.021978022,4
248261,R_0d5ff1a0cb70,9/27/2025,0.00332812,0.013636363636363636,0.021978022,2
192047,R_8c4bd0d6f67a,9/29/2025,0.2575749246860169,0.4318181818181818,0.043956044,3
255711,R_b94ca72bdf75,9/30/2025,0.06568486,0.10454545454545454,0.18681318681318682,1
190767,R_f9209b8ef81b,10/1/2025,0.007300398,0.018181818,0.010989011,4
248121,R_d4cbddaf4366,10/1/2025,0.015677792716106368,0.022727272727272728,0.010989011,4
189787,R_a54158c4f017,10/2/2025,0.017392593,0.031818181818181815,0.076923077,4
248262,R_0d5ff1a0cb70,10/3/2025,0.004518438,0.009090909,0.021978022,3
192048,R_8c4bd0d6f67a,10/3/2025,0.12454306073833332,0.2681818181818182,0,4
261284,R_4915df311c71,10/4/2025,0.023997318172654453,0.040909091,0.043956044,3
167853,R_975dda7c1571,10/5/2025,0.019292755,0.040909091,0.087912088,3
248311,R_3c0eb6383c3b,10/5/2025,0.028919970907613574,0.05,0.065934066,2
248310,R_3c0eb6383c3b,10/5/2025,0.17810415376144215,0.20909090909090908,0.25274725274725274,1
191315,R_5bc80577eb1b,10/5/2025,0.008515952,0.018181818,0.043956044,4
85888,R_d6243f478a62,10/6/2025,0.010189944,0.040909091,0.043956044,4
163023,R_7d557362dce1,10/6/2025,0.009536468,0.027272727,0.043956044,4
162891,R_fbfc44c82661,10/6/2025,0.024699626,0.054545455,0.13186813186813187,4
255712,R_b94ca72bdf75,10/7/2025,0.039009008,0.059090909,0.13186813186813187,2
167854,R_975dda7c1571,10/8/2025,0.010887210038415748,0.031818181818181815,0.043956044,4
194001,R_a26777c5872d,10/9/2025,0.009977066,0.022727272727272728,0.032967033,1
255713,R_b94ca72bdf75,10/9/2025,0.009312799,0.018181818,0,3
248312,R_3c0eb6383c3b,10/10/2025,0.040585819630489496,0.081818182,0.14285714285714285,3
47089,R_8239d80126fe,10/11/2025,0.00911843,0.009090909,0.021978022,4
248313,R_3c0eb6383c3b,10/11/2025,0.021988241822513334,0.031818181818181815,0.065934066,4
248263,R_0d5ff1a0cb70,10/12/2025,0.004089823,0.009090909,0.021978022,4
194002,R_a26777c5872d,10/13/2025,0.012132996852965093,0.045454545454545456,0.087912088,2
8816,R_585195c95fdf,10/14/2025,0.00929116,0.009090909,0.021978022,3
168046,R_b07dfd72e035,10/14/2025,0.020577083,0.077272727,0.17582417582417584,1
193318,R_9d435e2d43b1,10/15/2025,0.011051348206815428,0.027272727,0.043956044,2
255714,R_b94ca72bdf75,10/15/2025,0.055946498,0.072727273,0.12087912087912088,4
195350,R_cefc84341855,10/15/2025,0.015490646137358706,0.027272727,0.065934066,1
195351,R_cefc84341855,10/15/2025,0.010584188940031991,0.027272727,0.065934066,2
36243,R_f630be76e50c,10/17/2025,0.05302438,0.077272727,0.18681318681318682,2
195352,R_cefc84341855,10/17/2025,0.014527804,0.027272727,0.065934066,3
255576,R_2914b97d5f76,10/19/2025,0.13472195196404094,0.19090909090909092,0.12087912087912088,4
195353,R_cefc84341855,10/20/2025,0.023467289,0.063636364,0.13186813186813187,4
94161,R_b04e869971a1,10/20/2025,0.073135406,0.045454545454545456,0.010989011,2
172393,R_a30bd25fcc7e,10/20/2025,0.010285655929436347,0.018181818,0.043956044,1
194003,R_a26777c5872d,10/21/2025,0.01938399,0.036363636,0.065934066,3
187318,R_873c6dd63fdb,10/21/2025,0.04998938,0.16363636363636364,0.14285714285714285,4
172394,R_a30bd25fcc7e,10/22/2025,0.008836867,0.013636363636363636,0.032967033,2
193319,R_9d435e2d43b1,10/24/2025,0.009488202,0.022727272727272728,0.021978022,3
185512,R_6b805a8bab3f,10/24/2025,0.039666973,0.072727273,0.065934066,4
172396,R_a30bd25fcc7e,10/24/2025,0.010109492915405865,0.013636363636363636,0.032967033,4
172395,R_a30bd25fcc7e,10/24/2025,0.008269756,0.018181818,0.043956044,3
190480,R_f7ef2a089b53,10/24/2025,0.010529435382686466,0.022727272727272728,0.043956044,3
47963,R_d3447704a05a,10/24/2025,0.083939163,0.1318181818181818,0.3076923076923077,1
190674,R_41438a77931a,10/26/2025,0.029583442,0.090909091,0.1978021978021978,3
194004,R_a26777c5872d,10/26/2025,0.00470914,0.009090909,0.021978022,4
36244,R_f630be76e50c,10/26/2025,0.015615365976413428,0.022727272727272728,0.054945054945054944,3
166559,R_72955de83155,10/26/2025,0.010480330913506001,0.05,0.098901099,3
191070,R_c97407999904,10/27/2025,0.025226166075229317,0.045454545454545456,0.10989010989010989,3
168047,R_b07dfd72e035,10/28/2025,0.010390583078611614,0.054545455,0.076923077,2
166560,R_72955de83155,10/30/2025,0.010516525169861733,0.040909091,0.098901099,4
169622,R_52396c335050,10/30/2025,0.01444236,0.022727272727272728,0.054945054945054944,3
94162,R_b04e869971a1,10/31/2025,0.013475450173719901,0.027272727,0.065934066,3
47964,R_d3447704a05a,10/31/2025,0.083565497,0.11363636363636363,0.27472527472527475,2
257612,R_132e39612c26,11/1/2025,0.009059539,0,0,3
191071,R_c97407999904,11/2/2025,0.013676531541164522,0.022727272727272728,0.054945054945054944,4
190675,R_41438a77931a,11/2/2025,0.015238358249691423,0.036363636,0.087912088,4
261285,R_4915df311c71,11/3/2025,0.03160583,0.05,0.076923077,4
8817,R_585195c95fdf,11/3/2025,0.017125298473846907,0.045454545454545456,0.10989010989010989,4
113100,R_2e0db57dad5d,11/3/2025,0.018545825589734596,0.054545455,0.087912088,4
197251,R_7aa161e6d6f2,11/4/2025,0.011631781575124478,0.013636363636363636,0.032967033,1
10737,R_d2ecd389366c,11/5/2025,0.090466937,0.095454545,0.098901099,1
248813,R_0d1826549d7a,11/5/2025,0.009598597,0.022727272727272728,0.032967033,1
197252,R_7aa161e6d6f2,11/6/2025,0.012202381242399031,0.009090909,0.021978022,2
120737,R_1ad6927c05c5,11/8/2025,0.009314784,0.045454545454545456,0.043956044,1
189011,R_7252efa84c7c,11/9/2025,0.003529135,0.013636363636363636,0.021978022,4
197472,R_ec40e921e41b,11/11/2025,0.011414933,0.022727272727272728,0.054945054945054944,4
197471,R_ec40e921e41b,11/11/2025,0.013132375954418178,0.013636363636363636,0.032967033,3
197470,R_ec40e921e41b,11/11/2025,0.019157525227187867,0.045454545454545456,0.10989010989010989,2
197469,R_ec40e921e41b,11/11/2025,0.098872167,0.12272727272727273,0.1978021978021978,1
168048,R_b07dfd72e035,11/11/2025,0.013512140012970351,0.027272727,0.065934066,3
247243,R_1747b05852aa,11/11/2025,0.08125086,0.1318181818181818,0.24175824175824176,2
197253,R_7aa161e6d6f2,11/12/2025,0.009169364,0.018181818,0.043956044,3
193320,R_9d435e2d43b1,11/13/2025,0.027722481151910606,0.068181818,0.12087912087912088,4
65189,R_0764c3c5aa0f,11/14/2025,0.04852704,0.1,0.24175824175824176,1
248814,R_0d1826549d7a,11/15/2025,0.05027167,0.14545454545454545,0.14285714285714285,2
168049,R_b07dfd72e035,11/16/2025,0.010100060135364849,0.054545455,0.10989010989010989,4
157615,R_011da1723877,11/16/2025,0.040200459383070014,0.072727273,0.16483516483516483,1
197254,R_7aa161e6d6f2,11/16/2025,0.019574945,0.013636363636363636,0.032967033,4
10738,R_d2ecd389366c,11/19/2025,0.065524408,0.1,0.065934066,2
120738,R_1ad6927c05c5,11/21/2025,0.00812041,0.036363636,0.032967033,2
190481,R_f7ef2a089b53,11/22/2025,0.021006171928118985,0.045454545454545456,0.10989010989010989,4
197513,R_79ec6c17d7ff,11/23/2025,0.004398933,0.009090909,0.021978022,1
120739,R_1ad6927c05c5,11/26/2025,0.006463782,0.054545455,0.021978022,3
47965,R_d3447704a05a,11/26/2025,0.1834367677014484,0.29545454545454547,0.6813186813186813,3
36245,R_f630be76e50c,11/27/2025,0.0496258,0.059090909,0.14285714285714285,4
197514,R_79ec6c17d7ff,11/28/2025,0.020023870947318674,0.045454545454545456,0.10989010989010989,2
197515,R_79ec6c17d7ff,11/29/2025,0.002972236,0.009090909,0.010989011,3
199945,R_08e16389da52,11/30/2025,0.003757768,0.013636363636363636,0.032967033,1
187995,R_95bc1a67a9fd,11/30/2025,0.007663137,0.022727272727272728,0.021978022,1
197516,R_79ec6c17d7ff,12/1/2025,0.003018075,0.022727272727272728,0.043956044,4
199891,R_aa1f647eed7a,12/2/2025,0.003866482,0.009090909,0.021978022,1
248815,R_0d1826549d7a,12/3/2025,0.05815148,0.072727273,0.17582417582417584,3
157616,R_011da1723877,12/4/2025,0.038970503379415954,0.090909091,0.16483516483516483,2
257613,R_132e39612c26,12/4/2025,0.013155754659850416,0.004545455,0,4
248816,R_0d1826549d7a,12/5/2025,0.024084276265635883,0.027272727,0.032967033,4
157617,R_011da1723877,12/6/2025,0.04516985,0.081818182,0.13186813186813187,3
200384,R_8a80ec7d0271,12/6/2025,0.017511421584823425,0.036363636,0.087912088,1
200558,R_22a9505d4307,12/6/2025,0.006303168,0.018181818,0.043956044,1
199892,R_aa1f647eed7a,12/6/2025,0.017588587739373846,0.045454545454545456,0.054945054945054944,2
199946,R_08e16389da52,12/6/2025,0.008509793,0.018181818,0.032967033,2
120740,R_1ad6927c05c5,12/6/2025,0.010912189643648335,0.072727273,0.021978022,4
199947,R_08e16389da52,12/7/2025,0.007615066,0.018181818,0.043956044,3
247244,R_1747b05852aa,12/7/2025,0.050568279,0.068181818,0.15384615384615385,3
258769,R_e9843327ee71,12/7/2025,0.17189112288810343,0.2409090909090909,0.34065934065934067,1
200559,R_22a9505d4307,12/8/2025,0.004039969,0.013636363636363636,0.032967033,2
10739,R_d2ecd389366c,12/9/2025,0.014563404972996161,0.040909091,0.043956044,3
169623,R_52396c335050,12/9/2025,0.12449439895274982,0.25,0.2857142857142857,4
200560,R_22a9505d4307,12/9/2025,0.003893157,0.018181818,0.043956044,3
199948,R_08e16389da52,12/9/2025,0.004015402,0.013636363636363636,0.032967033,4
187996,R_95bc1a67a9fd,12/10/2025,0.009781498,0.013636363636363636,0.032967033,2
47966,R_d3447704a05a,12/10/2025,0.035768022,0.054545455,0.13186813186813187,4
199893,R_aa1f647eed7a,12/11/2025,0.018284436,0.045454545454545456,0.065934066,3
200385,R_8a80ec7d0271,12/12/2025,0.009102107,0.031818181818181815,0.076923077,2
247245,R_1747b05852aa,12/12/2025,0.048602917,0.063636364,0.14285714285714285,4
10740,R_d2ecd389366c,12/13/2025,0.029233744,0.086363636,0.021978022,4
65190,R_0764c3c5aa0f,12/14/2025,0.024948556,0.040909091,0.098901099,2
157618,R_011da1723877,12/14/2025,0.048219141,0.077272727,0.087912088,4
187997,R_95bc1a67a9fd,12/15/2025,0.013278979,0.022727272727272728,0.054945054945054944,3
183786,R_7cfac7530fd2,12/15/2025,0.011303455123200933,0.045454545454545456,0.10989010989010989,4
199894,R_aa1f647eed7a,12/16/2025,0.047979454,0.077272727,0.098901099,4
258770,R_e9843327ee71,12/16/2025,0.29334802189062037,0.5227272727272727,0.8131868131868132,2
200386,R_8a80ec7d0271,12/17/2025,0.033630754,0.054545455,0.10989010989010989,3
65191,R_0764c3c5aa0f,12/18/2025,0.061847651,0.2,0.18681318681318682,3
187998,R_95bc1a67a9fd,12/22/2025,0.006844158,0.027272727,0.065934066,4
200561,R_22a9505d4307,12/22/2025,0.004182074,0.022727272727272728,0.054945054945054944,4
201889,R_274357faa809,12/24/2025,0.003513118,0.009090909,0.021978022,1
258771,R_e9843327ee71,12/24/2025,0.073028218,0.1,0.087912088,3
258772,R_e9843327ee71,12/24/2025,0.013023965804112064,0.059090909,0.010989011,4
65192,R_0764c3c5aa0f,12/26/2025,0.023401115,0.036363636,0.087912088,4
200387,R_8a80ec7d0271,12/26/2025,0.007248047,0.036363636,0.065934066,4
94163,R_b04e869971a1,12/27/2025,0.011823132255956537,0.022727272727272728,0.043956044,4
201890,R_274357faa809,12/28/2025,0.003152751,0.018181818,0.010989011,2
201892,R_274357faa809,12/30/2025,0.011967202101293747,0.018181818,0.043956044,4
201891,R_274357faa809,12/30/2025,0.00366444,0.009090909,0.021978022,3
